"evento_data","horario","1.reservas","2.checkins","3.no-show"
"2024-05-10","12:00:00","0","3","-3"
"2024-05-10","12:30:00","4","9","-5"
"2024-05-10","13:00:00","11","13","-2"
"2024-05-10","13:30:00","8","16","-8"
"2024-05-10","14:00:00","21","43","-22"
"2024-05-10","14:30:00","41","32","9"
"2024-05-10","15:00:00","30","14","16"
"2024-05-10","15:30:00","17","1","16"
"2024-05-10","16:00:00","8","7","1"
"2024-05-10","16:30:00","2","2","0"
"2024-05-10","17:00:00","3","1","2"
"2024-05-11","09:30:00","0","6","-6"
"2024-05-11","10:00:00","13","31","-18"
"2024-05-11","10:30:00","24","32","-8"
"2024-05-11","11:00:00","38","30","8"
"2024-05-11","11:30:00","14","31","-17"
"2024-05-11","12:00:00","50","31","19"
"2024-05-11","12:30:00","35","49","-14"
"2024-05-11","13:00:00","43","27","16"
"2024-05-11","13:30:00","32","31","1"
"2024-05-11","14:00:00","36","30","6"
"2024-05-11","14:30:00","35","29","6"
"2024-05-11","15:00:00","34","48","-14"
"2024-05-11","15:30:00","56","75","-19"
"2024-05-11","16:00:00","75","57","18"
"2024-05-11","16:30:00","49","33","16"
"2024-05-11","17:00:00","37","8","29"
"2024-05-11","17:30:00","0","13","-13"
"2024-05-12","09:30:00","0","6","-6"
"2024-05-12","10:00:00","20","46","-26"
"2024-05-12","10:30:00","28","35","-7"
"2024-05-12","11:00:00","47","33","14"
"2024-05-12","11:30:00","36","26","10"
"2024-05-12","12:00:00","21","10","11"
"2024-05-12","12:30:00","5","0","5"
"2024-05-12","13:00:00","2","10","-8"
"2024-05-12","13:30:00","12","23","-11"
"2024-05-12","14:00:00","22","31","-9"
"2024-05-12","14:30:00","37","15","22"
"2024-05-12","15:00:00","27","21","6"
"2024-05-12","15:30:00","15","30","-15"
"2024-05-12","16:00:00","21","13","8"
"2024-05-12","16:30:00","11","20","-9"
"2024-05-12","17:00:00","22","2","20"
"2024-05-14","09:30:00","0","47","-47"
"2024-05-14","10:00:00","165","91","74"
"2024-05-14","10:30:00","203","125","78"
"2024-05-14","11:00:00","171","178","-7"
"2024-05-14","11:30:00","136","132","4"
"2024-05-14","12:00:00","120","75","45"
"2024-05-14","12:30:00","75","47","28"
"2024-05-14","13:00:00","66","63","3"
"2024-05-14","13:30:00","93","100","-7"
"2024-05-14","14:00:00","216","75","141"
"2024-05-14","14:30:00","134","108","26"
"2024-05-14","15:00:00","209","175","34"
"2024-05-14","15:30:00","198","179","19"
"2024-05-14","16:00:00","193","111","82"
"2024-05-14","16:30:00","148","97","51"
"2024-05-14","17:00:00","129","83","46"
"2024-05-14","17:30:00","115","80","35"
"2024-05-14","18:00:00","114","93","21"
"2024-05-14","18:30:00","132","130","2"
"2024-05-14","19:00:00","216","43","173"
"2024-05-15","10:00:00","16","26","-10"
"2024-05-15","10:30:00","21","39","-18"
"2024-05-15","11:00:00","38","15","23"
"2024-05-15","11:30:00","15","42","-27"
"2024-05-15","12:00:00","46","28","18"
"2024-05-15","12:30:00","26","24","2"
"2024-05-15","13:00:00","23","19","4"
"2024-05-15","13:30:00","35","39","-4"
"2024-05-15","14:00:00","29","38","-9"
"2024-05-15","14:30:00","47","33","14"
"2024-05-15","15:00:00","34","22","12"
"2024-05-15","15:30:00","26","53","-27"
"2024-05-15","16:00:00","49","17","32"
"2024-05-15","16:30:00","25","28","-3"
"2024-05-15","17:00:00","33","4","29"
"2024-05-16","10:00:00","25","35","-10"
"2024-05-16","10:30:00","20","45","-25"
"2024-05-16","11:00:00","36","26","10"
"2024-05-16","11:30:00","31","25","6"
"2024-05-16","12:00:00","27","32","-5"
"2024-05-16","12:30:00","33","32","1"
"2024-05-16","13:00:00","36","26","10"
"2024-05-16","13:30:00","30","29","1"
"2024-05-16","14:00:00","31","26","5"
"2024-05-16","14:30:00","24","33","-9"
"2024-05-16","15:00:00","29","32","-3"
"2024-05-16","15:30:00","38","48","-10"
"2024-05-16","16:00:00","43","18","25"
"2024-05-16","16:30:00","25","33","-8"
"2024-05-16","17:00:00","39","7","32"
"2024-05-17","09:30:00","0","5","-5"
"2024-05-17","10:00:00","24","59","-35"
"2024-05-17","10:30:00","48","60","-12"
"2024-05-17","11:00:00","71","50","21"
"2024-05-17","11:30:00","38","13","25"
"2024-05-17","12:00:00","13","25","-12"
"2024-05-17","12:30:00","26","15","11"
"2024-05-17","13:00:00","14","31","-17"
"2024-05-17","13:30:00","39","24","15"
"2024-05-17","14:00:00","20","28","-8"
"2024-05-17","14:30:00","42","38","4"
"2024-05-17","15:00:00","47","37","10"
"2024-05-17","15:30:00","24","27","-3"
"2024-05-17","16:00:00","29","18","11"
"2024-05-17","16:30:00","12","18","-6"
"2024-05-17","17:00:00","34","12","22"
"2024-05-18","09:30:00","0","15","-15"
"2024-05-18","10:00:00","60","56","4"
"2024-05-18","10:30:00","48","59","-11"
"2024-05-18","11:00:00","63","68","-5"
"2024-05-18","11:30:00","56","45","11"
"2024-05-18","12:00:00","47","42","5"
"2024-05-18","12:30:00","39","30","9"
"2024-05-18","13:00:00","42","35","7"
"2024-05-18","13:30:00","41","38","3"
"2024-05-18","14:00:00","45","58","-13"
"2024-05-18","14:30:00","58","27","31"
"2024-05-18","15:00:00","37","133","-96"
"2024-05-18","15:30:00","120","52","68"
"2024-05-18","16:00:00","70","83","-13"
"2024-05-18","16:30:00","72","36","36"
"2024-05-18","17:00:00","50","16","34"
"2024-05-18","17:30:00","0","15","-15"
"2024-05-18","18:00:00","0","7","-7"
"2024-05-19","09:30:00","0","9","-9"
"2024-05-19","10:00:00","48","102","-54"
"2024-05-19","10:30:00","76","79","-3"
"2024-05-19","11:00:00","94","112","-18"
"2024-05-19","11:30:00","101","78","23"
"2024-05-19","12:00:00","101","45","56"
"2024-05-19","12:30:00","58","14","44"
"2024-05-19","13:00:00","7","18","-11"
"2024-05-19","13:30:00","9","9","0"
"2024-05-19","14:00:00","18","17","1"
"2024-05-19","14:30:00","17","13","4"
"2024-05-19","15:00:00","21","17","4"
"2024-05-19","15:30:00","21","14","7"
"2024-05-19","16:00:00","12","3","9"
"2024-05-19","16:30:00","10","4","6"
"2024-05-19","17:00:00","2","0","2"
"2024-05-21","10:00:00","149","60","89"
"2024-05-21","10:30:00","67","36","31"
"2024-05-21","11:00:00","61","31","30"
"2024-05-21","11:30:00","10","16","-6"
"2024-05-21","12:00:00","10","9","1"
"2024-05-21","12:30:00","23","11","12"
"2024-05-21","13:00:00","16","11","5"
"2024-05-21","13:30:00","17","12","5"
"2024-05-21","14:00:00","39","14","25"
"2024-05-21","14:30:00","26","16","10"
"2024-05-21","15:00:00","52","24","28"
"2024-05-21","15:30:00","20","6","14"
"2024-05-21","16:00:00","16","12","4"
"2024-05-21","16:30:00","17","6","11"
"2024-05-21","17:00:00","28","13","15"
"2024-05-21","17:30:00","10","9","1"
"2024-05-21","18:00:00","29","14","15"
"2024-05-21","18:30:00","46","18","28"
"2024-05-21","19:00:00","39","7","32"
"2024-05-22","10:00:00","2","20","-18"
"2024-05-22","10:30:00","18","20","-2"
"2024-05-22","11:00:00","20","30","-10"
"2024-05-22","11:30:00","30","17","13"
"2024-05-22","12:00:00","15","15","0"
"2024-05-22","12:30:00","20","24","-4"
"2024-05-22","13:00:00","26","4","22"
"2024-05-22","13:30:00","4","4","0"
"2024-05-22","14:00:00","4","0","4"
"2024-05-22","14:30:00","0","2","-2"
"2024-05-22","15:00:00","2","0","2"
"2024-05-22","16:30:00","2","0","2"
"2024-05-23","10:00:00","1","1","0"
"2024-05-23","10:30:00","2","2","0"
"2024-05-23","13:30:00","0","3","-3"
"2024-05-23","14:00:00","3","0","3"
"2024-05-23","15:00:00","2","0","2"
"2024-05-23","15:30:00","5","0","5"
"2024-05-23","16:00:00","0","2","-2"
"2024-05-23","17:00:00","1","0","1"
"2024-05-24","09:30:00","0","3","-3"
"2024-05-24","10:00:00","8","9","-1"
"2024-05-24","10:30:00","5","4","1"
"2024-05-24","11:00:00","4","0","4"
"2024-05-24","11:30:00","1","1","0"
"2024-05-24","12:00:00","2","0","2"
"2024-05-24","13:30:00","0","2","-2"
"2024-05-24","14:00:00","2","0","2"
"2024-05-24","14:30:00","0","6","-6"
"2024-05-24","15:00:00","6","0","6"
"2024-05-24","15:30:00","0","5","-5"
"2024-05-24","16:00:00","8","0","8"
"2024-05-24","16:30:00","0","1","-1"
"2024-05-24","17:00:00","1","1","0"
"2024-05-25","10:00:00","30","69","-39"
"2024-05-25","10:30:00","53","84","-31"
"2024-05-25","11:00:00","103","110","-7"
"2024-05-25","11:30:00","107","52","55"
"2024-05-25","12:00:00","54","25","29"
"2024-05-25","12:30:00","34","24","10"
"2024-05-25","13:00:00","8","26","-18"
"2024-05-25","13:30:00","30","56","-26"
"2024-05-25","14:00:00","64","60","4"
"2024-05-25","14:30:00","56","60","-4"
"2024-05-25","15:00:00","80","67","13"
"2024-05-25","15:30:00","64","43","21"
"2024-05-25","16:00:00","58","71","-13"
"2024-05-25","16:30:00","71","67","4"
"2024-05-25","17:00:00","76","26","50"
"2024-05-25","17:30:00","0","7","-7"
"2024-05-25","18:30:00","0","4","-4"
"2024-05-26","09:30:00","0","19","-19"
"2024-05-26","10:00:00","37","88","-51"
"2024-05-26","10:30:00","96","92","4"
"2024-05-26","11:00:00","76","64","12"
"2024-05-26","11:30:00","81","85","-4"
"2024-05-26","12:00:00","88","79","9"
"2024-05-26","12:30:00","75","47","28"
"2024-05-26","13:00:00","51","40","11"
"2024-05-26","13:30:00","37","34","3"
"2024-05-26","14:00:00","35","36","-1"
"2024-05-26","14:30:00","58","44","14"
"2024-05-26","15:00:00","46","91","-45"
"2024-05-26","15:30:00","89","81","8"
"2024-05-26","16:00:00","104","61","43"
"2024-05-26","16:30:00","48","37","11"
"2024-05-26","17:00:00","40","22","18"
"2024-05-26","17:30:00","0","5","-5"
"2024-05-26","18:00:00","0","7","-7"
"2024-05-28","09:30:00","0","43","-43"
"2024-05-28","10:00:00","236","97","139"
"2024-05-28","10:30:00","163","66","97"
"2024-05-28","11:00:00","139","63","76"
"2024-05-28","11:30:00","131","146","-15"
"2024-05-28","12:00:00","140","82","58"
"2024-05-28","12:30:00","84","94","-10"
"2024-05-28","13:00:00","124","127","-3"
"2024-05-28","13:30:00","174","122","52"
"2024-05-28","14:00:00","236","99","137"
"2024-05-28","14:30:00","236","126","110"
"2024-05-28","15:00:00","236","158","78"
"2024-05-28","15:30:00","230","118","112"
"2024-05-28","16:00:00","183","129","54"
"2024-05-28","16:30:00","152","124","28"
"2024-05-28","17:00:00","158","110","48"
"2024-05-28","17:30:00","116","92","24"
"2024-05-28","18:00:00","167","109","58"
"2024-05-28","18:30:00","147","132","15"
"2024-05-28","19:00:00","191","33","158"
"2024-05-29","09:30:00","0","7","-7"
"2024-05-29","10:00:00","13","23","-10"
"2024-05-29","10:30:00","17","16","1"
"2024-05-29","11:00:00","20","12","8"
"2024-05-29","11:30:00","13","20","-7"
"2024-05-29","12:00:00","21","14","7"
"2024-05-29","12:30:00","14","24","-10"
"2024-05-29","13:00:00","24","33","-9"
"2024-05-29","13:30:00","33","16","17"
"2024-05-29","14:00:00","12","17","-5"
"2024-05-29","14:30:00","22","26","-4"
"2024-05-29","15:00:00","30","18","12"
"2024-05-29","15:30:00","21","18","3"
"2024-05-29","16:00:00","23","32","-9"
"2024-05-29","16:30:00","27","23","4"
"2024-05-29","17:00:00","32","5","27"
"2024-05-30","09:30:00","0","11","-11"
"2024-05-30","10:00:00","44","83","-39"
"2024-05-30","10:30:00","72","66","6"
"2024-05-30","11:00:00","88","74","14"
"2024-05-30","11:30:00","72","102","-30"
"2024-05-30","12:00:00","74","59","15"
"2024-05-30","12:30:00","61","74","-13"
"2024-05-30","13:00:00","84","74","10"
"2024-05-30","13:30:00","68","58","10"
"2024-05-30","14:00:00","66","87","-21"
"2024-05-30","14:30:00","105","82","23"
"2024-05-30","15:00:00","99","86","13"
"2024-05-30","15:30:00","81","109","-28"
"2024-05-30","16:00:00","116","89","27"
"2024-05-30","16:30:00","71","75","-4"
"2024-05-30","17:00:00","84","9","75"
"2024-05-31","09:30:00","0","21","-21"
"2024-05-31","10:00:00","74","118","-44"
"2024-05-31","10:30:00","100","101","-1"
"2024-05-31","11:00:00","92","93","-1"
"2024-05-31","11:30:00","86","76","10"
"2024-05-31","12:00:00","74","77","-3"
"2024-05-31","12:30:00","66","66","0"
"2024-05-31","13:00:00","68","57","11"
"2024-05-31","13:30:00","58","105","-47"
"2024-05-31","14:00:00","123","116","7"
"2024-05-31","14:30:00","115","96","19"
"2024-05-31","15:00:00","142","123","19"
"2024-05-31","15:30:00","91","91","0"
"2024-05-31","16:00:00","109","106","3"
"2024-05-31","16:30:00","83","98","-15"
"2024-05-31","17:00:00","96","5","91"
"2024-06-01","09:30:00","0","36","-36"
"2024-06-01","10:00:00","298","188","110"
"2024-06-01","10:30:00","300","240","60"
"2024-06-01","11:00:00","300","257","43"
"2024-06-01","11:30:00","300","271","29"
"2024-06-01","12:00:00","300","233","67"
"2024-06-01","12:30:00","300","138","162"
"2024-06-01","13:00:00","300","151","149"
"2024-06-01","13:30:00","328","216","112"
"2024-06-01","14:00:00","374","150","224"
"2024-06-01","14:30:00","340","188","152"
"2024-06-01","15:00:00","375","244","131"
"2024-06-01","15:30:00","375","173","202"
"2024-06-01","16:00:00","374","171","203"
"2024-06-01","16:30:00","375","213","162"
"2024-06-01","17:00:00","375","113","262"
"2024-06-04","09:30:00","0","41","-41"
"2024-06-04","10:00:00","236","122","114"
"2024-06-04","10:30:00","216","161","55"
"2024-06-04","11:00:00","196","145","51"
"2024-06-04","11:30:00","163","109","54"
"2024-06-04","12:00:00","134","74","60"
"2024-06-04","12:30:00","95","96","-1"
"2024-06-04","13:00:00","158","89","69"
"2024-06-04","13:30:00","129","142","-13"
"2024-06-04","14:00:00","236","135","101"
"2024-06-04","14:30:00","235","129","106"
"2024-06-04","15:00:00","236","165","71"
"2024-06-04","15:30:00","195","173","22"
"2024-06-04","16:00:00","234","140","94"
"2024-06-04","16:30:00","236","138","98"
"2024-06-04","17:00:00","225","120","105"
"2024-06-04","17:30:00","147","104","43"
"2024-06-04","18:00:00","234","105","129"
"2024-06-04","18:30:00","119","117","2"
"2024-06-04","19:00:00","215","44","171"
"2024-06-05","10:00:00","20","55","-35"
"2024-06-05","10:30:00","37","29","8"
"2024-06-05","11:00:00","31","27","4"
"2024-06-05","11:30:00","22","19","3"
"2024-06-05","12:00:00","19","13","6"
"2024-06-05","12:30:00","14","17","-3"
"2024-06-05","13:00:00","16","22","-6"
"2024-06-05","13:30:00","23","18","5"
"2024-06-05","14:00:00","22","23","-1"
"2024-06-05","14:30:00","29","32","-3"
"2024-06-05","15:00:00","29","17","12"
"2024-06-05","15:30:00","12","10","2"
"2024-06-05","16:00:00","16","19","-3"
"2024-06-05","16:30:00","16","13","3"
"2024-06-05","17:00:00","14","0","14"
"2024-06-06","09:30:00","0","6","-6"
"2024-06-06","10:00:00","215","112","103"
"2024-06-06","10:30:00","106","113","-7"
"2024-06-06","11:00:00","97","71","26"
"2024-06-06","11:30:00","80","43","37"
"2024-06-06","12:00:00","84","53","31"
"2024-06-06","12:30:00","58","52","6"
"2024-06-06","13:00:00","89","52","37"
"2024-06-06","13:30:00","58","80","-22"
"2024-06-06","14:00:00","162","102","60"
"2024-06-06","14:30:00","148","122","26"
"2024-06-06","15:00:00","166","113","53"
"2024-06-06","15:30:00","143","120","23"
"2024-06-06","16:00:00","142","91","51"
"2024-06-06","16:30:00","115","83","32"
"2024-06-06","17:00:00","156","33","123"
"2024-06-07","09:30:00","0","6","-6"
"2024-06-07","10:00:00","18","52","-34"
"2024-06-07","10:30:00","46","53","-7"
"2024-06-07","11:00:00","50","43","7"
"2024-06-07","11:30:00","45","37","8"
"2024-06-07","12:00:00","37","50","-13"
"2024-06-07","12:30:00","46","31","15"
"2024-06-07","13:00:00","30","31","-1"
"2024-06-07","13:30:00","34","37","-3"
"2024-06-07","14:00:00","44","44","0"
"2024-06-07","14:30:00","42","29","13"
"2024-06-07","15:00:00","28","23","5"
"2024-06-07","15:30:00","23","34","-11"
"2024-06-07","16:00:00","38","69","-31"
"2024-06-07","16:30:00","90","38","52"
"2024-06-07","17:00:00","26","6","20"
"2024-06-08","09:30:00","0","19","-19"
"2024-06-08","10:00:00","74","23","51"
"2024-06-08","10:30:00","35","65","-30"
"2024-06-08","11:00:00","66","80","-14"
"2024-06-08","11:30:00","64","86","-22"
"2024-06-08","12:00:00","80","76","4"
"2024-06-08","12:30:00","42","60","-18"
"2024-06-08","13:00:00","66","69","-3"
"2024-06-08","13:30:00","65","72","-7"
"2024-06-08","14:00:00","72","53","19"
"2024-06-08","14:30:00","80","50","30"
"2024-06-08","15:00:00","82","64","18"
"2024-06-08","15:30:00","62","105","-43"
"2024-06-08","16:00:00","82","87","-5"
"2024-06-08","16:30:00","97","70","27"
"2024-06-08","17:00:00","75","21","54"
"2024-06-09","09:30:00","0","8","-8"
"2024-06-09","10:00:00","39","58","-19"
"2024-06-09","10:30:00","57","67","-10"
"2024-06-09","11:00:00","90","91","-1"
"2024-06-09","11:30:00","58","67","-9"
"2024-06-09","12:00:00","79","53","26"
"2024-06-09","12:30:00","46","62","-16"
"2024-06-09","13:00:00","61","66","-5"
"2024-06-09","13:30:00","66","65","1"
"2024-06-09","14:00:00","82","58","24"
"2024-06-09","14:30:00","41","41","0"
"2024-06-09","15:00:00","56","61","-5"
"2024-06-09","15:30:00","62","58","4"
"2024-06-09","16:00:00","70","56","14"
"2024-06-09","16:30:00","54","20","34"
"2024-06-09","17:00:00","17","6","11"
"2024-06-11","09:30:00","0","41","-41"
"2024-06-11","10:00:00","232","140","92"
"2024-06-11","10:30:00","173","172","1"
"2024-06-11","11:00:00","203","110","93"
"2024-06-11","11:30:00","125","124","1"
"2024-06-11","12:00:00","136","83","53"
"2024-06-11","12:30:00","107","126","-19"
"2024-06-11","13:00:00","183","120","63"
"2024-06-11","13:30:00","147","109","38"
"2024-06-11","14:00:00","236","133","103"
"2024-06-11","14:30:00","189","125","64"
"2024-06-11","15:00:00","236","139","97"
"2024-06-11","15:30:00","218","112","106"
"2024-06-11","16:00:00","184","161","23"
"2024-06-11","16:30:00","169","140","29"
"2024-06-11","17:00:00","168","99","69"
"2024-06-11","17:30:00","156","121","35"
"2024-06-11","18:00:00","181","82","99"
"2024-06-11","18:30:00","116","85","31"
"2024-06-11","19:00:00","180","27","153"
"2024-06-12","09:30:00","0","2","-2"
"2024-06-12","10:00:00","12","32","-20"
"2024-06-12","10:30:00","29","22","7"
"2024-06-12","11:00:00","20","18","2"
"2024-06-12","11:30:00","16","18","-2"
"2024-06-12","12:00:00","16","35","-19"
"2024-06-12","12:30:00","35","21","14"
"2024-06-12","13:00:00","26","17","9"
"2024-06-12","13:30:00","10","21","-11"
"2024-06-12","14:00:00","18","23","-5"
"2024-06-12","14:30:00","32","37","-5"
"2024-06-12","15:00:00","51","22","29"
"2024-06-12","15:30:00","23","35","-12"
"2024-06-12","16:00:00","33","24","9"
"2024-06-12","16:30:00","22","14","8"
"2024-06-12","17:00:00","19","1","18"
"2024-06-13","09:30:00","0","1","-1"
"2024-06-13","10:00:00","11","28","-17"
"2024-06-13","10:30:00","19","29","-10"
"2024-06-13","11:00:00","34","35","-1"
"2024-06-13","11:30:00","22","18","4"
"2024-06-13","12:00:00","25","40","-15"
"2024-06-13","12:30:00","25","22","3"
"2024-06-13","13:00:00","39","23","16"
"2024-06-13","13:30:00","22","19","3"
"2024-06-13","14:00:00","19","19","0"
"2024-06-13","14:30:00","24","24","0"
"2024-06-13","15:00:00","26","31","-5"
"2024-06-13","15:30:00","37","32","5"
"2024-06-13","16:00:00","28","27","1"
"2024-06-13","16:30:00","27","20","7"
"2024-06-13","17:00:00","24","1","23"
"2024-06-14","09:30:00","0","7","-7"
"2024-06-14","10:00:00","14","44","-30"
"2024-06-14","10:30:00","41","51","-10"
"2024-06-14","11:00:00","60","68","-8"
"2024-06-14","11:30:00","61","25","36"
"2024-06-14","12:00:00","23","28","-5"
"2024-06-14","12:30:00","30","16","14"
"2024-06-14","13:00:00","14","24","-10"
"2024-06-14","13:30:00","22","25","-3"
"2024-06-14","14:00:00","27","28","-1"
"2024-06-14","14:30:00","33","33","0"
"2024-06-14","15:00:00","38","44","-6"
"2024-06-14","15:30:00","39","40","-1"
"2024-06-14","16:00:00","40","54","-14"
"2024-06-14","16:30:00","54","18","36"
"2024-06-14","17:00:00","16","0","16"
"2024-06-15","09:30:00","0","10","-10"
"2024-06-15","10:00:00","50","75","-25"
"2024-06-15","10:30:00","50","45","5"
"2024-06-15","11:00:00","59","74","-15"
"2024-06-15","11:30:00","62","50","12"
"2024-06-15","12:00:00","47","54","-7"
"2024-06-15","12:30:00","50","41","9"
"2024-06-15","13:00:00","44","61","-17"
"2024-06-15","13:30:00","56","59","-3"
"2024-06-15","14:00:00","65","32","33"
"2024-06-15","14:30:00","23","38","-15"
"2024-06-15","15:00:00","64","65","-1"
"2024-06-15","15:30:00","84","39","45"
"2024-06-15","16:00:00","59","103","-44"
"2024-06-15","16:30:00","57","39","18"
"2024-06-15","17:00:00","43","4","39"
"2024-06-16","09:30:00","0","21","-21"
"2024-06-16","10:00:00","89","105","-16"
"2024-06-16","10:30:00","54","67","-13"
"2024-06-16","11:00:00","77","50","27"
"2024-06-16","11:30:00","57","69","-12"
"2024-06-16","12:00:00","66","58","8"
"2024-06-16","12:30:00","45","35","10"
"2024-06-16","13:00:00","32","22","10"
"2024-06-16","13:30:00","40","58","-18"
"2024-06-16","14:00:00","56","30","26"
"2024-06-16","14:30:00","34","41","-7"
"2024-06-16","15:00:00","33","37","-4"
"2024-06-16","15:30:00","48","35","13"
"2024-06-16","16:00:00","35","18","17"
"2024-06-16","16:30:00","18","18","0"
"2024-06-16","17:00:00","21","2","19"
"2024-06-18","09:30:00","0","9","-9"
"2024-06-18","10:00:00","236","162","74"
"2024-06-18","10:30:00","181","142","39"
"2024-06-18","11:00:00","215","144","71"
"2024-06-18","11:30:00","142","158","-16"
"2024-06-18","12:00:00","166","75","91"
"2024-06-18","12:30:00","91","94","-3"
"2024-06-18","13:00:00","144","98","46"
"2024-06-18","13:30:00","145","127","18"
"2024-06-18","14:00:00","235","181","54"
"2024-06-18","14:30:00","236","135","101"
"2024-06-18","15:00:00","231","141","90"
"2024-06-18","15:30:00","236","152","84"
"2024-06-18","16:00:00","234","135","99"
"2024-06-18","16:30:00","197","125","72"
"2024-06-18","17:00:00","177","125","52"
"2024-06-18","17:30:00","138","111","27"
"2024-06-18","18:00:00","214","133","81"
"2024-06-18","18:30:00","146","94","52"
"2024-06-18","19:00:00","215","37","178"
"2024-06-19","09:30:00","0","5","-5"
"2024-06-19","10:00:00","18","33","-15"
"2024-06-19","10:30:00","25","27","-2"
"2024-06-19","11:00:00","30","31","-1"
"2024-06-19","11:30:00","31","15","16"
"2024-06-19","12:00:00","16","16","0"
"2024-06-19","12:30:00","15","14","1"
"2024-06-19","13:00:00","12","10","2"
"2024-06-19","13:30:00","10","56","-46"
"2024-06-19","14:00:00","56","22","34"
"2024-06-19","14:30:00","21","25","-4"
"2024-06-19","15:00:00","25","18","7"
"2024-06-19","15:30:00","25","31","-6"
"2024-06-19","16:00:00","29","27","2"
"2024-06-19","16:30:00","29","9","20"
"2024-06-19","17:00:00","12","0","12"
"2024-06-20","09:30:00","0","4","-4"
"2024-06-20","10:00:00","11","31","-20"
"2024-06-20","10:30:00","30","46","-16"
"2024-06-20","11:00:00","52","50","2"
"2024-06-20","11:30:00","43","38","5"
"2024-06-20","12:00:00","34","17","17"
"2024-06-20","12:30:00","23","17","6"
"2024-06-20","13:00:00","17","6","11"
"2024-06-20","13:30:00","10","20","-10"
"2024-06-20","14:00:00","24","37","-13"
"2024-06-20","14:30:00","23","42","-19"
"2024-06-20","15:00:00","54","36","18"
"2024-06-20","15:30:00","40","48","-8"
"2024-06-20","16:00:00","49","23","26"
"2024-06-20","16:30:00","26","17","9"
"2024-06-20","17:00:00","17","0","17"
"2024-06-21","09:30:00","0","7","-7"
"2024-06-21","10:00:00","27","56","-29"
"2024-06-21","10:30:00","34","38","-4"
"2024-06-21","11:00:00","38","31","7"
"2024-06-21","11:30:00","31","16","15"
"2024-06-21","12:00:00","16","19","-3"
"2024-06-21","12:30:00","24","11","13"
"2024-06-21","13:00:00","13","19","-6"
"2024-06-21","13:30:00","5","14","-9"
"2024-06-21","14:00:00","16","29","-13"
"2024-06-21","14:30:00","30","36","-6"
"2024-06-21","15:00:00","47","47","0"
"2024-06-21","15:30:00","41","37","4"
"2024-06-21","16:00:00","42","32","10"
"2024-06-21","16:30:00","43","20","23"
"2024-06-21","17:00:00","22","1","21"
"2024-06-22","09:30:00","0","32","-32"
"2024-06-22","10:00:00","54","75","-21"
"2024-06-22","10:30:00","79","61","18"
"2024-06-22","11:00:00","51","48","3"
"2024-06-22","11:30:00","54","74","-20"
"2024-06-22","12:00:00","73","46","27"
"2024-06-22","12:30:00","46","45","1"
"2024-06-22","13:00:00","46","28","18"
"2024-06-22","13:30:00","19","40","-21"
"2024-06-22","14:00:00","52","38","14"
"2024-06-22","14:30:00","29","76","-47"
"2024-06-22","15:00:00","93","64","29"
"2024-06-22","15:30:00","60","39","21"
"2024-06-22","16:00:00","50","58","-8"
"2024-06-22","16:30:00","60","21","39"
"2024-06-22","17:00:00","22","0","22"
"2024-06-23","09:30:00","0","23","-23"
"2024-06-23","10:00:00","41","68","-27"
"2024-06-23","10:30:00","75","83","-8"
"2024-06-23","11:00:00","73","61","12"
"2024-06-23","11:30:00","62","62","0"
"2024-06-23","12:00:00","57","55","2"
"2024-06-23","12:30:00","49","52","-3"
"2024-06-23","13:00:00","60","66","-6"
"2024-06-23","13:30:00","69","65","4"
"2024-06-23","14:00:00","67","53","14"
"2024-06-23","14:30:00","47","50","-3"
"2024-06-23","15:00:00","63","53","10"
"2024-06-23","15:30:00","59","62","-3"
"2024-06-23","16:00:00","44","57","-13"
"2024-06-23","16:30:00","62","29","33"
"2024-06-23","17:00:00","30","7","23"
"2024-06-25","09:30:00","0","50","-50"
"2024-06-25","10:00:00","236","174","62"
"2024-06-25","10:30:00","236","171","65"
"2024-06-25","11:00:00","236","218","18"
"2024-06-25","11:30:00","236","259","-23"
"2024-06-25","12:00:00","230","123","107"
"2024-06-25","12:30:00","106","95","11"
"2024-06-25","13:00:00","206","134","72"
"2024-06-25","13:30:00","210","98","112"
"2024-06-25","14:00:00","234","126","108"
"2024-06-25","14:30:00","235","145","90"
"2024-06-25","15:00:00","236","164","72"
"2024-06-25","15:30:00","236","163","73"
"2024-06-25","16:00:00","236","137","99"
"2024-06-25","16:30:00","234","173","61"
"2024-06-25","17:00:00","236","128","108"
"2024-06-25","17:30:00","159","123","36"
"2024-06-25","18:00:00","203","151","52"
"2024-06-25","18:30:00","178","81","97"
"2024-06-25","19:00:00","236","36","200"
"2024-06-26","10:00:00","71","73","-2"
"2024-06-26","10:30:00","20","53","-33"
"2024-06-26","11:00:00","42","25","17"
"2024-06-26","11:30:00","19","21","-2"
"2024-06-26","12:00:00","30","14","16"
"2024-06-26","12:30:00","11","9","2"
"2024-06-26","13:00:00","11","7","4"
"2024-06-26","13:30:00","8","12","-4"
"2024-06-26","14:00:00","9","12","-3"
"2024-06-26","14:30:00","18","15","3"
"2024-06-26","15:00:00","12","36","-24"
"2024-06-26","15:30:00","33","37","-4"
"2024-06-26","16:00:00","43","14","29"
"2024-06-26","16:30:00","11","21","-10"
"2024-06-26","17:00:00","29","3","26"
"2024-06-26","17:30:00","0","2","-2"
"2024-06-27","09:30:00","0","12","-12"
"2024-06-27","10:00:00","15","47","-32"
"2024-06-27","10:30:00","57","32","25"
"2024-06-27","11:00:00","23","34","-11"
"2024-06-27","11:30:00","28","27","1"
"2024-06-27","12:00:00","30","26","4"
"2024-06-27","12:30:00","25","37","-12"
"2024-06-27","13:00:00","36","12","24"
"2024-06-27","13:30:00","14","14","0"
"2024-06-27","14:00:00","45","51","-6"
"2024-06-27","14:30:00","28","31","-3"
"2024-06-27","15:00:00","31","23","8"
"2024-06-27","15:30:00","21","24","-3"
"2024-06-27","16:00:00","31","28","3"
"2024-06-27","16:30:00","27","14","13"
"2024-06-27","17:00:00","16","2","14"
"2024-06-28","09:30:00","0","19","-19"
"2024-06-28","10:00:00","28","29","-1"
"2024-06-28","10:30:00","30","25","5"
"2024-06-28","11:00:00","42","55","-13"
"2024-06-28","11:30:00","47","27","20"
"2024-06-28","12:00:00","28","30","-2"
"2024-06-28","12:30:00","25","24","1"
"2024-06-28","13:00:00","26","18","8"
"2024-06-28","13:30:00","16","21","-5"
"2024-06-28","14:00:00","17","42","-25"
"2024-06-28","14:30:00","37","26","11"
"2024-06-28","15:00:00","37","34","3"
"2024-06-28","15:30:00","33","20","13"
"2024-06-28","16:00:00","29","41","-12"
"2024-06-28","16:30:00","77","62","15"
"2024-06-28","17:00:00","22","0","22"
"2024-06-29","09:30:00","0","16","-16"
"2024-06-29","10:00:00","39","85","-46"
"2024-06-29","10:30:00","58","47","11"
"2024-06-29","11:00:00","53","38","15"
"2024-06-29","11:30:00","48","51","-3"
"2024-06-29","12:00:00","44","43","1"
"2024-06-29","12:30:00","52","32","20"
"2024-06-29","13:00:00","33","38","-5"
"2024-06-29","13:30:00","29","45","-16"
"2024-06-29","14:00:00","48","49","-1"
"2024-06-29","14:30:00","50","51","-1"
"2024-06-29","15:00:00","53","61","-8"
"2024-06-29","15:30:00","55","48","7"
"2024-06-29","16:00:00","51","44","7"
"2024-06-29","16:30:00","49","35","14"
"2024-06-29","17:00:00","46","6","40"
"2024-06-30","10:00:00","55","96","-41"
"2024-06-30","10:30:00","48","54","-6"
"2024-06-30","11:00:00","79","83","-4"
"2024-06-30","11:30:00","57","63","-6"
"2024-06-30","12:00:00","76","45","31"
"2024-06-30","12:30:00","25","58","-33"
"2024-06-30","13:00:00","53","62","-9"
"2024-06-30","13:30:00","78","64","14"
"2024-06-30","14:00:00","84","47","37"
"2024-06-30","14:30:00","36","64","-28"
"2024-06-30","15:00:00","52","42","10"
"2024-06-30","15:30:00","57","53","4"
"2024-06-30","16:00:00","49","30","19"
"2024-06-30","16:30:00","37","31","6"
"2024-06-30","17:00:00","43","0","43"
"2024-07-02","09:30:00","0","49","-49"
"2024-07-02","10:00:00","236","102","134"
"2024-07-02","10:30:00","236","125","111"
"2024-07-02","11:00:00","268","151","117"
"2024-07-02","11:30:00","310","173","137"
"2024-07-02","12:00:00","251","157","94"
"2024-07-02","12:30:00","137","136","1"
"2024-07-02","13:00:00","234","174","60"
"2024-07-02","13:30:00","213","199","14"
"2024-07-02","14:00:00","393","189","204"
"2024-07-02","14:30:00","400","222","178"
"2024-07-02","15:00:00","395","169","226"
"2024-07-02","15:30:00","400","152","248"
"2024-07-02","16:00:00","400","128","272"
"2024-07-02","16:30:00","256","170","86"
"2024-07-02","17:00:00","271","280","-9"
"2024-07-02","17:30:00","184","143","41"
"2024-07-02","18:00:00","210","140","70"
"2024-07-02","18:30:00","201","132","69"
"2024-07-02","19:00:00","239","55","184"
"2024-07-03","10:00:00","12","44","-32"
"2024-07-03","10:30:00","27","39","-12"
"2024-07-03","11:00:00","41","39","2"
"2024-07-03","11:30:00","41","31","10"
"2024-07-03","12:00:00","33","23","10"
"2024-07-03","12:30:00","18","14","4"
"2024-07-03","13:00:00","20","16","4"
"2024-07-03","13:30:00","16","25","-9"
"2024-07-03","14:00:00","26","41","-15"
"2024-07-03","14:30:00","47","43","4"
"2024-07-03","15:00:00","49","26","23"
"2024-07-03","15:30:00","23","22","1"
"2024-07-03","16:00:00","16","17","-1"
"2024-07-03","16:30:00","19","25","-6"
"2024-07-03","17:00:00","26","1","25"
"2024-07-04","09:30:00","0","14","-14"
"2024-07-04","10:00:00","236","175","61"
"2024-07-04","10:30:00","198","175","23"
"2024-07-04","11:00:00","231","146","85"
"2024-07-04","11:30:00","153","114","39"
"2024-07-04","12:00:00","112","61","51"
"2024-07-04","12:30:00","96","108","-12"
"2024-07-04","13:00:00","188","89","99"
"2024-07-04","13:30:00","101","139","-38"
"2024-07-04","14:00:00","257","146","111"
"2024-07-04","14:30:00","184","145","39"
"2024-07-04","15:00:00","304","197","107"
"2024-07-04","15:30:00","168","131","37"
"2024-07-04","16:00:00","233","181","52"
"2024-07-04","16:30:00","160","138","22"
"2024-07-04","17:00:00","270","41","229"
"2024-07-05","10:00:00","18","99","-81"
"2024-07-05","10:30:00","88","73","15"
"2024-07-05","11:00:00","76","49","27"
"2024-07-05","11:30:00","45","49","-4"
"2024-07-05","12:00:00","54","34","20"
"2024-07-05","12:30:00","26","19","7"
"2024-07-05","13:00:00","30","36","-6"
"2024-07-05","13:30:00","32","41","-9"
"2024-07-05","14:00:00","52","41","11"
"2024-07-05","14:30:00","38","43","-5"
"2024-07-05","15:00:00","50","65","-15"
"2024-07-05","15:30:00","64","42","22"
"2024-07-05","16:00:00","40","31","9"
"2024-07-05","16:30:00","27","23","4"
"2024-07-05","17:00:00","25","3","22"
"2024-07-06","09:30:00","0","21","-21"
"2024-07-06","10:00:00","43","67","-24"
"2024-07-06","10:30:00","57","77","-20"
"2024-07-06","11:00:00","91","91","0"
"2024-07-06","11:30:00","90","47","43"
"2024-07-06","12:00:00","42","56","-14"
"2024-07-06","12:30:00","54","34","20"
"2024-07-06","13:00:00","32","46","-14"
"2024-07-06","13:30:00","46","46","0"
"2024-07-06","14:00:00","55","52","3"
"2024-07-06","14:30:00","55","70","-15"
"2024-07-06","15:00:00","63","60","3"
"2024-07-06","15:30:00","53","92","-39"
"2024-07-06","16:00:00","119","68","51"
"2024-07-06","16:30:00","59","66","-7"
"2024-07-06","17:00:00","59","3","56"
"2024-07-07","09:30:00","0","33","-33"
"2024-07-07","10:00:00","85","106","-21"
"2024-07-07","10:30:00","72","82","-10"
"2024-07-07","11:00:00","84","65","19"
"2024-07-07","11:30:00","65","93","-28"
"2024-07-07","12:00:00","85","59","26"
"2024-07-07","12:30:00","53","50","3"
"2024-07-07","13:00:00","65","97","-32"
"2024-07-07","13:30:00","68","82","-14"
"2024-07-07","14:00:00","106","49","57"
"2024-07-07","14:30:00","52","71","-19"
"2024-07-07","15:00:00","76","83","-7"
"2024-07-07","15:30:00","97","86","11"
"2024-07-07","16:00:00","76","42","34"
"2024-07-07","16:30:00","52","58","-6"
"2024-07-07","17:00:00","63","10","53"
"2024-07-09","09:30:00","0","16","-16"
"2024-07-09","10:00:00","422","183","239"
"2024-07-09","10:30:00","422","124","298"
"2024-07-09","11:00:00","422","147","275"
"2024-07-09","11:30:00","418","169","249"
"2024-07-09","12:00:00","422","228","194"
"2024-07-09","12:30:00","413","150","263"
"2024-07-09","13:00:00","422","229","193"
"2024-07-09","13:30:00","414","193","221"
"2024-07-09","14:00:00","422","216","206"
"2024-07-09","14:30:00","422","108","314"
"2024-07-09","15:00:00","417","105","312"
"2024-07-09","15:30:00","422","98","324"
"2024-07-09","16:00:00","422","70","352"
"2024-07-09","16:30:00","420","56","364"
"2024-07-09","17:00:00","422","90","332"
"2024-07-09","17:30:00","420","121","299"
"2024-07-09","18:00:00","421","216","205"
"2024-07-09","18:30:00","422","199","223"
"2024-07-09","19:00:00","420","226","194"
"2024-07-10","09:30:00","0","16","-16"
"2024-07-10","10:00:00","40","62","-22"
"2024-07-10","10:30:00","50","73","-23"
"2024-07-10","11:00:00","76","71","5"
"2024-07-10","11:30:00","64","53","11"
"2024-07-10","12:00:00","56","43","13"
"2024-07-10","12:30:00","36","24","12"
"2024-07-10","13:00:00","32","39","-7"
"2024-07-10","13:30:00","34","57","-23"
"2024-07-10","14:00:00","58","30","28"
"2024-07-10","14:30:00","46","59","-13"
"2024-07-10","15:00:00","57","56","1"
"2024-07-10","15:30:00","58","56","2"
"2024-07-10","16:00:00","57","45","12"
"2024-07-10","16:30:00","48","48","0"
"2024-07-10","17:00:00","60","7","53"
"2024-07-11","09:30:00","0","25","-25"
"2024-07-11","10:00:00","35","63","-28"
"2024-07-11","10:30:00","108","86","22"
"2024-07-11","11:00:00","72","64","8"
"2024-07-11","11:30:00","60","64","-4"
"2024-07-11","12:00:00","66","29","37"
"2024-07-11","12:30:00","23","35","-12"
"2024-07-11","13:00:00","39","50","-11"
"2024-07-11","13:30:00","49","76","-27"
"2024-07-11","14:00:00","86","53","33"
"2024-07-11","14:30:00","58","79","-21"
"2024-07-11","15:00:00","51","69","-18"
"2024-07-11","15:30:00","57","77","-20"
"2024-07-11","16:00:00","83","61","22"
"2024-07-11","16:30:00","56","65","-9"
"2024-07-11","17:00:00","72","6","66"
"2024-07-12","09:30:00","0","48","-48"
"2024-07-12","10:00:00","121","115","6"
"2024-07-12","10:30:00","73","94","-21"
"2024-07-12","11:00:00","75","56","19"
"2024-07-12","11:30:00","45","72","-27"
"2024-07-12","12:00:00","81","58","23"
"2024-07-12","12:30:00","55","60","-5"
"2024-07-12","13:00:00","67","40","27"
"2024-07-12","13:30:00","32","73","-41"
"2024-07-12","14:00:00","74","42","32"
"2024-07-12","14:30:00","58","74","-16"
"2024-07-12","15:00:00","92","77","15"
"2024-07-12","15:30:00","59","90","-31"
"2024-07-12","16:00:00","179","76","103"
"2024-07-12","16:30:00","65","124","-59"
"2024-07-12","17:00:00","63","1","62"
"2024-07-13","09:30:00","0","26","-26"
"2024-07-13","10:00:00","55","94","-39"
"2024-07-13","10:30:00","80","94","-14"
"2024-07-13","11:00:00","111","115","-4"
"2024-07-13","11:30:00","105","91","14"
"2024-07-13","12:00:00","72","57","15"
"2024-07-13","12:30:00","68","73","-5"
"2024-07-13","13:00:00","73","82","-9"
"2024-07-13","13:30:00","87","103","-16"
"2024-07-13","14:00:00","102","82","20"
"2024-07-13","14:30:00","83","95","-12"
"2024-07-13","15:00:00","105","93","12"
"2024-07-13","15:30:00","94","90","4"
"2024-07-13","16:00:00","86","98","-12"
"2024-07-13","16:30:00","87","86","1"
"2024-07-13","17:00:00","104","13","91"
"2024-07-14","09:30:00","0","28","-28"
"2024-07-14","10:00:00","99","145","-46"
"2024-07-14","10:30:00","110","125","-15"
"2024-07-14","11:00:00","106","94","12"
"2024-07-14","11:30:00","107","78","29"
"2024-07-14","12:00:00","78","48","30"
"2024-07-14","12:30:00","42","54","-12"
"2024-07-14","13:00:00","47","58","-11"
"2024-07-14","13:30:00","59","60","-1"
"2024-07-14","14:00:00","78","99","-21"
"2024-07-14","14:30:00","83","74","9"
"2024-07-14","15:00:00","88","91","-3"
"2024-07-14","15:30:00","94","80","14"
"2024-07-14","16:00:00","84","57","27"
"2024-07-14","16:30:00","58","60","-2"
"2024-07-14","17:00:00","75","20","55"
"2024-07-16","09:30:00","0","27","-27"
"2024-07-16","10:00:00","420","168","252"
"2024-07-16","10:30:00","422","202","220"
"2024-07-16","11:00:00","419","158","261"
"2024-07-16","11:30:00","422","175","247"
"2024-07-16","12:00:00","422","154","268"
"2024-07-16","12:30:00","283","155","128"
"2024-07-16","13:00:00","422","181","241"
"2024-07-16","13:30:00","376","183","193"
"2024-07-16","14:00:00","435","157","278"
"2024-07-16","14:30:00","420","212","208"
"2024-07-16","15:00:00","426","303","123"
"2024-07-16","15:30:00","425","263","162"
"2024-07-16","16:00:00","425","239","186"
"2024-07-16","16:30:00","233","273","-40"
"2024-07-16","17:00:00","312","201","111"
"2024-07-16","17:30:00","148","140","8"
"2024-07-16","18:00:00","231","145","86"
"2024-07-16","18:30:00","187","127","60"
"2024-07-16","19:00:00","264","41","223"
"2024-07-17","09:30:00","0","53","-53"
"2024-07-17","10:00:00","90","94","-4"
"2024-07-17","10:30:00","62","102","-40"
"2024-07-17","11:00:00","139","103","36"
"2024-07-17","11:30:00","88","66","22"
"2024-07-17","12:00:00","63","81","-18"
"2024-07-17","12:30:00","78","44","34"
"2024-07-17","13:00:00","46","43","3"
"2024-07-17","13:30:00","44","53","-9"
"2024-07-17","14:00:00","55","66","-11"
"2024-07-17","14:30:00","65","80","-15"
"2024-07-17","15:00:00","94","96","-2"
"2024-07-17","15:30:00","94","92","2"
"2024-07-17","16:00:00","80","67","13"
"2024-07-17","16:30:00","78","83","-5"
"2024-07-17","17:00:00","87","8","79"
"2024-07-18","09:30:00","0","44","-44"
"2024-07-18","10:00:00","64","123","-59"
"2024-07-18","10:30:00","113","102","11"
"2024-07-18","11:00:00","105","82","23"
"2024-07-18","11:30:00","74","71","3"
"2024-07-18","12:00:00","68","59","9"
"2024-07-18","12:30:00","54","45","9"
"2024-07-18","13:00:00","51","37","14"
"2024-07-18","13:30:00","33","81","-48"
"2024-07-18","14:00:00","81","78","3"
"2024-07-18","14:30:00","87","74","13"
"2024-07-18","15:00:00","98","68","30"
"2024-07-18","15:30:00","71","90","-19"
"2024-07-18","16:00:00","70","77","-7"
"2024-07-18","16:30:00","89","61","28"
"2024-07-18","17:00:00","65","8","57"
"2024-07-19","09:30:00","0","25","-25"
"2024-07-19","10:00:00","60","119","-59"
"2024-07-19","10:30:00","134","142","-8"
"2024-07-19","11:00:00","109","86","23"
"2024-07-19","11:30:00","69","89","-20"
"2024-07-19","12:00:00","102","76","26"
"2024-07-19","12:30:00","66","50","16"
"2024-07-19","13:00:00","63","77","-14"
"2024-07-19","13:30:00","78","87","-9"
"2024-07-19","14:00:00","94","64","30"
"2024-07-19","14:30:00","65","63","2"
"2024-07-19","15:00:00","83","81","2"
"2024-07-19","15:30:00","75","119","-44"
"2024-07-19","16:00:00","122","105","17"
"2024-07-19","16:30:00","89","56","33"
"2024-07-19","17:00:00","56","5","51"
"2024-07-20","09:30:00","0","9","-9"
"2024-07-20","10:00:00","52","127","-75"
"2024-07-20","10:30:00","102","101","1"
"2024-07-20","11:00:00","122","102","20"
"2024-07-20","11:30:00","98","112","-14"
"2024-07-20","12:00:00","93","98","-5"
"2024-07-20","12:30:00","95","93","2"
"2024-07-20","13:00:00","94","45","49"
"2024-07-20","13:30:00","46","78","-32"
"2024-07-20","14:00:00","109","74","35"
"2024-07-20","14:30:00","67","95","-28"
"2024-07-20","15:00:00","105","81","24"
"2024-07-20","15:30:00","75","105","-30"
"2024-07-20","16:00:00","114","98","16"
"2024-07-20","16:30:00","85","78","7"
"2024-07-20","17:00:00","79","8","71"
"2024-07-21","09:30:00","0","40","-40"
"2024-07-21","10:00:00","95","153","-58"
"2024-07-21","10:30:00","136","127","9"
"2024-07-21","11:00:00","113","97","16"
"2024-07-21","11:30:00","109","72","37"
"2024-07-21","12:00:00","75","123","-48"
"2024-07-21","12:30:00","95","100","-5"
"2024-07-21","13:00:00","103","88","15"
"2024-07-21","13:30:00","91","87","4"
"2024-07-21","14:00:00","91","90","1"
"2024-07-21","14:30:00","93","85","8"
"2024-07-21","15:00:00","118","139","-21"
"2024-07-21","15:30:00","126","114","12"
"2024-07-21","16:00:00","108","70","38"
"2024-07-21","16:30:00","64","73","-9"
"2024-07-21","17:00:00","78","7","71"
"2024-07-23","09:30:00","0","66","-66"
"2024-07-23","10:00:00","407","238","169"
"2024-07-23","10:30:00","302","325","-23"
"2024-07-23","11:00:00","385","270","115"
"2024-07-23","11:30:00","674","351","323"
"2024-07-23","12:00:00","702","424","278"
"2024-07-23","12:30:00","468","410","58"
"2024-07-23","13:00:00","462","264","198"
"2024-07-23","13:30:00","498","238","260"
"2024-07-23","14:00:00","458","377","81"
"2024-07-23","14:30:00","580","414","166"
"2024-07-23","15:00:00","614","773","-159"
"2024-07-23","15:30:00","453","565","-112"
"2024-07-23","16:00:00","612","355","257"
"2024-07-23","16:30:00","602","129","473"
"2024-07-23","17:00:00","633","306","327"
"2024-07-23","17:30:00","629","613","16"
"2024-07-23","18:00:00","975","537","438"
"2024-07-23","18:30:00","797","338","459"
"2024-07-23","19:00:00","836","282","554"
"2024-07-23","19:30:00","523","161","362"
"2024-07-23","20:00:00","568","82","486"
"2024-07-23","20:30:00","770","32","738"
"2024-07-23","21:00:00","676","6","670"
"2024-07-24","09:30:00","0","16","-16"
"2024-07-24","10:00:00","34","72","-38"
"2024-07-24","10:30:00","66","27","39"
"2024-07-24","11:00:00","43","53","-10"
"2024-07-24","11:30:00","27","16","11"
"2024-07-24","12:00:00","27","25","2"
"2024-07-24","12:30:00","24","45","-21"
"2024-07-24","13:00:00","47","38","9"
"2024-07-24","13:30:00","28","45","-17"
"2024-07-24","14:00:00","51","25","26"
"2024-07-24","14:30:00","33","35","-2"
"2024-07-24","15:00:00","49","25","24"
"2024-07-24","15:30:00","18","45","-27"
"2024-07-24","16:00:00","47","53","-6"
"2024-07-24","16:30:00","43","33","10"
"2024-07-24","17:00:00","38","4","34"
"2024-07-25","09:30:00","0","40","-40"
"2024-07-25","10:00:00","83","81","2"
"2024-07-25","10:30:00","56","49","7"
"2024-07-25","11:00:00","50","36","14"
"2024-07-25","11:30:00","48","54","-6"
"2024-07-25","12:00:00","41","33","8"
"2024-07-25","12:30:00","30","30","0"
"2024-07-25","13:00:00","34","7","27"
"2024-07-25","13:30:00","4","16","-12"
"2024-07-25","14:00:00","15","65","-50"
"2024-07-25","14:30:00","81","32","49"
"2024-07-25","15:00:00","51","57","-6"
"2024-07-25","15:30:00","52","56","-4"
"2024-07-25","16:00:00","60","56","4"
"2024-07-25","16:30:00","59","26","33"
"2024-07-25","17:00:00","39","21","18"
"2024-07-26","09:30:00","0","32","-32"
"2024-07-26","10:00:00","68","106","-38"
"2024-07-26","10:30:00","116","125","-9"
"2024-07-26","11:00:00","111","87","24"
"2024-07-26","11:30:00","84","57","27"
"2024-07-26","12:00:00","54","53","1"
"2024-07-26","12:30:00","53","40","13"
"2024-07-26","13:00:00","41","56","-15"
"2024-07-26","13:30:00","63","86","-23"
"2024-07-26","14:00:00","80","51","29"
"2024-07-26","14:30:00","55","73","-18"
"2024-07-26","15:00:00","76","30","46"
"2024-07-26","15:30:00","24","25","-1"
"2024-07-26","16:00:00","32","49","-17"
"2024-07-26","16:30:00","44","62","-18"
"2024-07-26","17:00:00","73","12","61"
"2024-07-27","09:30:00","0","25","-25"
"2024-07-27","10:00:00","96","159","-63"
"2024-07-27","10:30:00","99","93","6"
"2024-07-27","11:00:00","107","126","-19"
"2024-07-27","11:30:00","113","114","-1"
"2024-07-27","12:00:00","103","85","18"
"2024-07-27","12:30:00","72","70","2"
"2024-07-27","13:00:00","64","44","20"
"2024-07-27","13:30:00","72","60","12"
"2024-07-27","14:00:00","94","107","-13"
"2024-07-27","14:30:00","43","101","-58"
"2024-07-27","15:00:00","166","133","33"
"2024-07-27","15:30:00","133","99","34"
"2024-07-27","16:00:00","114","108","6"
"2024-07-27","16:30:00","103","72","31"
"2024-07-27","17:00:00","89","16","73"
"2024-07-28","09:30:00","0","31","-31"
"2024-07-28","10:00:00","174","172","2"
"2024-07-28","10:30:00","78","86","-8"
"2024-07-28","11:00:00","121","106","15"
"2024-07-28","11:30:00","99","107","-8"
"2024-07-28","12:00:00","76","91","-15"
"2024-07-28","12:30:00","91","83","8"
"2024-07-28","13:00:00","75","53","22"
"2024-07-28","13:30:00","46","89","-43"
"2024-07-28","14:00:00","106","75","31"
"2024-07-28","14:30:00","98","99","-1"
"2024-07-28","15:00:00","84","91","-7"
"2024-07-28","15:30:00","93","111","-18"
"2024-07-28","16:00:00","119","86","33"
"2024-07-28","16:30:00","87","92","-5"
"2024-07-28","17:00:00","87","7","80"
"2024-07-30","09:00:00","2000","0","2000"
"2024-07-30","09:30:00","0","23","-23"
"2024-07-30","10:00:00","454","134","320"
"2024-07-30","10:30:00","378","158","220"
"2024-07-30","11:00:00","428","164","264"
"2024-07-30","11:30:00","262","132","130"
"2024-07-30","12:00:00","208","168","40"
"2024-07-30","12:30:00","214","194","20"
"2024-07-30","13:00:00","236","137","99"
"2024-07-30","13:30:00","212","187","25"
"2024-07-30","14:00:00","352","205","147"
"2024-07-30","14:30:00","367","229","138"
"2024-07-30","15:00:00","482","286","196"
"2024-07-30","15:30:00","310","197","113"
"2024-07-30","16:00:00","394","280","114"
"2024-07-30","16:30:00","280","169","111"
"2024-07-30","17:00:00","272","196","76"
"2024-07-30","17:30:00","237","163","74"
"2024-07-30","18:00:00","503","205","298"
"2024-07-30","18:30:00","518","188","330"
"2024-07-30","19:00:00","509","113","396"
"2024-07-30","19:30:00","195","112","83"
"2024-07-30","20:00:00","174","97","77"
"2024-07-30","20:30:00","117","73","44"
"2024-07-30","21:00:00","88","6","82"
"2024-07-31","09:30:00","0","28","-28"
"2024-07-31","10:00:00","35","28","7"
"2024-07-31","10:30:00","29","15","14"
"2024-07-31","11:00:00","13","15","-2"
"2024-07-31","11:30:00","13","10","3"
"2024-07-31","12:00:00","12","5","7"
"2024-07-31","12:30:00","4","10","-6"
"2024-07-31","13:00:00","8","14","-6"
"2024-07-31","13:30:00","9","21","-12"
"2024-07-31","14:00:00","27","19","8"
"2024-07-31","14:30:00","33","32","1"
"2024-07-31","15:00:00","17","26","-9"
"2024-07-31","15:30:00","30","58","-28"
"2024-07-31","16:00:00","53","16","37"
"2024-07-31","16:30:00","21","18","3"
"2024-07-31","17:00:00","18","0","18"
"2024-08-01","09:30:00","0","44","-44"
"2024-08-01","10:00:00","89","91","-2"
"2024-08-01","10:30:00","146","75","71"
"2024-08-01","11:00:00","69","55","14"
"2024-08-01","11:30:00","89","92","-3"
"2024-08-01","12:00:00","144","43","101"
"2024-08-01","12:30:00","44","38","6"
"2024-08-01","13:00:00","133","38","95"
"2024-08-01","13:30:00","50","71","-21"
"2024-08-01","14:00:00","131","98","33"
"2024-08-01","14:30:00","93","87","6"
"2024-08-01","15:00:00","123","87","36"
"2024-08-01","15:30:00","90","109","-19"
"2024-08-01","16:00:00","195","123","72"
"2024-08-01","16:30:00","166","109","57"
"2024-08-01","17:00:00","124","9","115"
"2024-08-02","10:00:00","11","46","-35"
"2024-08-02","10:30:00","40","48","-8"
"2024-08-02","11:00:00","50","80","-30"
"2024-08-02","11:30:00","76","43","33"
"2024-08-02","12:00:00","37","38","-1"
"2024-08-02","12:30:00","45","38","7"
"2024-08-02","13:00:00","38","22","16"
"2024-08-02","13:30:00","27","25","2"
"2024-08-02","14:00:00","23","53","-30"
"2024-08-02","14:30:00","46","55","-9"
"2024-08-02","15:00:00","66","58","8"
"2024-08-02","15:30:00","63","36","27"
"2024-08-02","16:00:00","40","33","7"
"2024-08-02","16:30:00","32","22","10"
"2024-08-02","17:00:00","26","2","24"
"2024-08-03","09:30:00","0","8","-8"
"2024-08-03","10:00:00","25","51","-26"
"2024-08-03","10:30:00","38","78","-40"
"2024-08-03","11:00:00","116","91","25"
"2024-08-03","11:30:00","62","40","22"
"2024-08-03","12:00:00","41","35","6"
"2024-08-03","12:30:00","31","39","-8"
"2024-08-03","13:00:00","35","52","-17"
"2024-08-03","13:30:00","58","45","13"
"2024-08-03","14:00:00","38","59","-21"
"2024-08-03","14:30:00","70","61","9"
"2024-08-03","15:00:00","76","53","23"
"2024-08-03","15:30:00","55","78","-23"
"2024-08-03","16:00:00","64","57","7"
"2024-08-03","16:30:00","58","42","16"
"2024-08-03","17:00:00","46","0","46"
"2024-08-03","17:30:00","0","4","-4"
"2024-08-04","09:30:00","0","18","-18"
"2024-08-04","10:00:00","98","104","-6"
"2024-08-04","10:30:00","51","71","-20"
"2024-08-04","11:00:00","58","76","-18"
"2024-08-04","11:30:00","79","76","3"
"2024-08-04","12:00:00","77","65","12"
"2024-08-04","12:30:00","69","66","3"
"2024-08-04","13:00:00","60","48","12"
"2024-08-04","13:30:00","55","52","3"
"2024-08-04","14:00:00","52","57","-5"
"2024-08-04","14:30:00","59","48","11"
"2024-08-04","15:00:00","45","66","-21"
"2024-08-04","15:30:00","64","55","9"
"2024-08-04","16:00:00","58","36","22"
"2024-08-04","16:30:00","37","50","-13"
"2024-08-04","17:00:00","53","1","52"
"2024-08-06","09:30:00","0","70","-70"
"2024-08-06","10:00:00","275","179","96"
"2024-08-06","10:30:00","196","195","1"
"2024-08-06","11:00:00","273","141","132"
"2024-08-06","11:30:00","187","118","69"
"2024-08-06","12:00:00","176","127","49"
"2024-08-06","12:30:00","136","94","42"
"2024-08-06","13:00:00","129","100","29"
"2024-08-06","13:30:00","152","153","-1"
"2024-08-06","14:00:00","241","200","41"
"2024-08-06","14:30:00","277","149","128"
"2024-08-06","15:00:00","265","129","136"
"2024-08-06","15:30:00","296","134","162"
"2024-08-06","16:00:00","183","106","77"
"2024-08-06","16:30:00","177","170","7"
"2024-08-06","17:00:00","232","115","117"
"2024-08-06","17:30:00","174","123","51"
"2024-08-06","18:00:00","121","119","2"
"2024-08-06","18:30:00","268","153","115"
"2024-08-06","19:00:00","300","60","240"
"2024-08-07","10:00:00","3","30","-27"
"2024-08-07","10:30:00","27","33","-6"
"2024-08-07","11:00:00","31","27","4"
"2024-08-07","11:30:00","24","17","7"
"2024-08-07","12:00:00","23","24","-1"
"2024-08-07","12:30:00","21","18","3"
"2024-08-07","13:00:00","20","26","-6"
"2024-08-07","13:30:00","22","23","-1"
"2024-08-07","14:00:00","33","25","8"
"2024-08-07","14:30:00","15","25","-10"
"2024-08-07","15:00:00","28","39","-11"
"2024-08-07","15:30:00","35","29","6"
"2024-08-07","16:00:00","36","17","19"
"2024-08-07","16:30:00","17","21","-4"
"2024-08-07","17:00:00","22","0","22"
"2024-08-08","09:30:00","0","3","-3"
"2024-08-08","10:00:00","3","42","-39"
"2024-08-08","10:30:00","39","55","-16"
"2024-08-08","11:00:00","55","43","12"
"2024-08-08","11:30:00","53","50","3"
"2024-08-08","12:00:00","32","20","12"
"2024-08-08","12:30:00","35","22","13"
"2024-08-08","13:00:00","21","18","3"
"2024-08-08","13:30:00","16","15","1"
"2024-08-08","14:00:00","19","17","2"
"2024-08-08","14:30:00","15","34","-19"
"2024-08-08","15:00:00","27","28","-1"
"2024-08-08","15:30:00","36","47","-11"
"2024-08-08","16:00:00","56","38","18"
"2024-08-08","16:30:00","36","30","6"
"2024-08-08","17:00:00","37","3","34"
"2024-08-09","09:30:00","0","10","-10"
"2024-08-09","10:00:00","29","68","-39"
"2024-08-09","10:30:00","49","41","8"
"2024-08-09","11:00:00","40","59","-19"
"2024-08-09","11:30:00","63","41","22"
"2024-08-09","12:00:00","36","65","-29"
"2024-08-09","12:30:00","69","32","37"
"2024-08-09","13:00:00","30","23","7"
"2024-08-09","13:30:00","22","27","-5"
"2024-08-09","14:00:00","22","31","-9"
"2024-08-09","14:30:00","35","48","-13"
"2024-08-09","15:00:00","43","42","1"
"2024-08-09","15:30:00","55","45","10"
"2024-08-09","16:00:00","47","38","9"
"2024-08-09","16:30:00","36","38","-2"
"2024-08-09","17:00:00","42","0","42"
"2024-08-10","09:30:00","0","5","-5"
"2024-08-10","10:00:00","68","128","-60"
"2024-08-10","10:30:00","84","62","22"
"2024-08-10","11:00:00","63","80","-17"
"2024-08-10","11:30:00","69","79","-10"
"2024-08-10","12:00:00","78","75","3"
"2024-08-10","12:30:00","71","51","20"
"2024-08-10","13:00:00","62","73","-11"
"2024-08-10","13:30:00","46","53","-7"
"2024-08-10","14:00:00","79","51","28"
"2024-08-10","14:30:00","51","68","-17"
"2024-08-10","15:00:00","69","73","-4"
"2024-08-10","15:30:00","58","45","13"
"2024-08-10","16:00:00","52","100","-48"
"2024-08-10","16:30:00","104","35","69"
"2024-08-10","17:00:00","41","4","37"
"2024-08-10","17:30:00","0","4","-4"
"2024-08-11","09:30:00","0","9","-9"
"2024-08-11","10:00:00","18","57","-39"
"2024-08-11","10:30:00","51","52","-1"
"2024-08-11","11:00:00","55","58","-3"
"2024-08-11","11:30:00","55","54","1"
"2024-08-11","12:00:00","46","66","-20"
"2024-08-11","12:30:00","78","75","3"
"2024-08-11","13:00:00","76","64","12"
"2024-08-11","13:30:00","64","41","23"
"2024-08-11","14:00:00","51","65","-14"
"2024-08-11","14:30:00","55","52","3"
"2024-08-11","15:00:00","60","76","-16"
"2024-08-11","15:30:00","81","71","10"
"2024-08-11","16:00:00","65","44","21"
"2024-08-11","16:30:00","34","31","3"
"2024-08-11","17:00:00","43","1","42"
"2024-08-13","09:30:00","0","49","-49"
"2024-08-13","10:00:00","300","189","111"
"2024-08-13","10:30:00","300","176","124"
"2024-08-13","11:00:00","324","219","105"
"2024-08-13","11:30:00","302","175","127"
"2024-08-13","12:00:00","299","149","150"
"2024-08-13","12:30:00","217","140","77"
"2024-08-13","13:00:00","284","138","146"
"2024-08-13","13:30:00","291","171","120"
"2024-08-13","14:00:00","300","156","144"
"2024-08-13","14:30:00","300","166","134"
"2024-08-13","15:00:00","300","166","134"
"2024-08-13","15:30:00","300","163","137"
"2024-08-13","16:00:00","309","161","148"
"2024-08-13","16:30:00","357","123","234"
"2024-08-13","17:00:00","301","148","153"
"2024-08-13","17:30:00","265","125","140"
"2024-08-13","18:00:00","287","167","120"
"2024-08-13","18:30:00","363","98","265"
"2024-08-13","19:00:00","383","56","327"
"2024-08-14","10:00:00","113","35","78"
"2024-08-14","10:30:00","35","40","-5"
"2024-08-14","11:00:00","138","32","106"
"2024-08-14","11:30:00","30","49","-19"
"2024-08-14","12:00:00","48","19","29"
"2024-08-14","12:30:00","20","35","-15"
"2024-08-14","13:00:00","30","21","9"
"2024-08-14","13:30:00","20","20","0"
"2024-08-14","14:00:00","137","29","108"
"2024-08-14","14:30:00","30","34","-4"
"2024-08-14","15:00:00","70","24","46"
"2024-08-14","15:30:00","27","23","4"
"2024-08-14","16:00:00","25","25","0"
"2024-08-14","16:30:00","18","9","9"
"2024-08-14","17:00:00","17","3","14"
"2024-08-15","10:00:00","31","45","-14"
"2024-08-15","10:30:00","46","44","2"
"2024-08-15","11:00:00","55","42","13"
"2024-08-15","11:30:00","39","43","-4"
"2024-08-15","12:00:00","45","29","16"
"2024-08-15","12:30:00","27","32","-5"
"2024-08-15","13:00:00","28","14","14"
"2024-08-15","13:30:00","17","24","-7"
"2024-08-15","14:00:00","19","47","-28"
"2024-08-15","14:30:00","34","129","-95"
"2024-08-15","15:00:00","124","65","59"
"2024-08-15","15:30:00","66","53","13"
"2024-08-15","16:00:00","48","48","0"
"2024-08-15","16:30:00","45","24","21"
"2024-08-15","17:00:00","34","6","28"
"2024-08-15","19:00:00","6","0","6"
"2024-08-16","09:30:00","0","9","-9"
"2024-08-16","10:00:00","62","31","31"
"2024-08-16","10:30:00","35","72","-37"
"2024-08-16","11:00:00","63","58","5"
"2024-08-16","11:30:00","54","36","18"
"2024-08-16","12:00:00","42","42","0"
"2024-08-16","12:30:00","37","38","-1"
"2024-08-16","13:00:00","45","41","4"
"2024-08-16","13:30:00","38","49","-11"
"2024-08-16","14:00:00","50","38","12"
"2024-08-16","14:30:00","46","52","-6"
"2024-08-16","15:00:00","59","34","25"
"2024-08-16","15:30:00","34","65","-31"
"2024-08-16","16:00:00","55","36","19"
"2024-08-16","16:30:00","47","32","15"
"2024-08-16","17:00:00","37","2","35"
"2024-08-17","09:30:00","0","7","-7"
"2024-08-17","10:00:00","53","106","-53"
"2024-08-17","10:30:00","50","48","2"
"2024-08-17","11:00:00","60","62","-2"
"2024-08-17","11:30:00","53","83","-30"
"2024-08-17","12:00:00","75","71","4"
"2024-08-17","12:30:00","61","74","-13"
"2024-08-17","13:00:00","84","68","16"
"2024-08-17","13:30:00","71","72","-1"
"2024-08-17","14:00:00","86","70","16"
"2024-08-17","14:30:00","77","41","36"
"2024-08-17","15:00:00","44","64","-20"
"2024-08-17","15:30:00","58","65","-7"
"2024-08-17","16:00:00","63","54","9"
"2024-08-17","16:30:00","58","34","24"
"2024-08-17","17:00:00","43","0","43"
"2024-08-17","17:30:00","0","4","-4"
"2024-08-18","09:30:00","0","36","-36"
"2024-08-18","10:00:00","64","110","-46"
"2024-08-18","10:30:00","79","96","-17"
"2024-08-18","11:00:00","74","100","-26"
"2024-08-18","11:30:00","91","77","14"
"2024-08-18","12:00:00","87","53","34"
"2024-08-18","12:30:00","83","60","23"
"2024-08-18","13:00:00","62","67","-5"
"2024-08-18","13:30:00","45","78","-33"
"2024-08-18","14:00:00","82","60","22"
"2024-08-18","14:30:00","69","38","31"
"2024-08-18","15:00:00","39","62","-23"
"2024-08-18","15:30:00","50","72","-22"
"2024-08-18","16:00:00","68","27","41"
"2024-08-18","16:30:00","51","38","13"
"2024-08-18","17:00:00","46","8","38"
"2024-08-20","09:30:00","0","31","-31"
"2024-08-20","10:00:00","303","252","51"
"2024-08-20","10:30:00","313","172","141"
"2024-08-20","11:00:00","328","195","133"
"2024-08-20","11:30:00","411","180","231"
"2024-08-20","12:00:00","299","190","109"
"2024-08-20","12:30:00","179","214","-35"
"2024-08-20","13:00:00","273","162","111"
"2024-08-20","13:30:00","308","195","113"
"2024-08-20","14:00:00","446","241","205"
"2024-08-20","14:30:00","394","149","245"
"2024-08-20","15:00:00","386","182","204"
"2024-08-20","15:30:00","358","179","179"
"2024-08-20","16:00:00","448","230","218"
"2024-08-20","16:30:00","292","195","97"
"2024-08-20","17:00:00","311","168","143"
"2024-08-20","17:30:00","230","169","61"
"2024-08-20","18:00:00","332","150","182"
"2024-08-20","18:30:00","345","170","175"
"2024-08-20","19:00:00","467","54","413"
"2024-08-21","10:00:00","18","27","-9"
"2024-08-21","10:30:00","18","44","-26"
"2024-08-21","11:00:00","31","33","-2"
"2024-08-21","11:30:00","37","49","-12"
"2024-08-21","12:00:00","48","16","32"
"2024-08-21","12:30:00","29","30","-1"
"2024-08-21","13:00:00","18","26","-8"
"2024-08-21","13:30:00","35","23","12"
"2024-08-21","14:00:00","18","17","1"
"2024-08-21","14:30:00","25","29","-4"
"2024-08-21","15:00:00","28","36","-8"
"2024-08-21","15:30:00","31","21","10"
"2024-08-21","16:00:00","29","36","-7"
"2024-08-21","16:30:00","29","23","6"
"2024-08-21","17:00:00","31","4","27"
"2024-08-21","17:30:00","0","1","-1"
"2024-08-21","19:00:00","5","0","5"
"2024-08-22","09:30:00","0","4","-4"
"2024-08-22","10:00:00","4","29","-25"
"2024-08-22","10:30:00","28","31","-3"
"2024-08-22","11:00:00","36","36","0"
"2024-08-22","11:30:00","37","20","17"
"2024-08-22","12:00:00","23","30","-7"
"2024-08-22","12:30:00","25","24","1"
"2024-08-22","13:00:00","25","27","-2"
"2024-08-22","13:30:00","21","29","-8"
"2024-08-22","14:00:00","28","25","3"
"2024-08-22","14:30:00","32","34","-2"
"2024-08-22","15:00:00","28","27","1"
"2024-08-22","15:30:00","32","28","4"
"2024-08-22","16:00:00","26","25","1"
"2024-08-22","16:30:00","31","25","6"
"2024-08-22","17:00:00","28","0","28"
"2024-08-22","20:00:00","469","148","321"
"2024-08-22","20:30:00","0","130","-130"
"2024-08-22","21:00:00","265","80","185"
"2024-08-22","21:30:00","0","10","-10"
"2024-08-23","10:00:00","14","66","-52"
"2024-08-23","10:30:00","48","70","-22"
"2024-08-23","11:00:00","66","66","0"
"2024-08-23","11:30:00","76","55","21"
"2024-08-23","12:00:00","57","26","31"
"2024-08-23","12:30:00","27","41","-14"
"2024-08-23","13:00:00","39","27","12"
"2024-08-23","13:30:00","27","35","-8"
"2024-08-23","14:00:00","38","21","17"
"2024-08-23","14:30:00","20","28","-8"
"2024-08-23","15:00:00","32","34","-2"
"2024-08-23","15:30:00","40","58","-18"
"2024-08-23","16:00:00","55","63","-8"
"2024-08-23","16:30:00","64","40","24"
"2024-08-23","17:00:00","40","0","40"
"2024-08-24","09:30:00","0","13","-13"
"2024-08-24","10:00:00","31","82","-51"
"2024-08-24","10:30:00","54","61","-7"
"2024-08-24","11:00:00","69","86","-17"
"2024-08-24","11:30:00","62","63","-1"
"2024-08-24","12:00:00","83","60","23"
"2024-08-24","12:30:00","44","47","-3"
"2024-08-24","13:00:00","77","67","10"
"2024-08-24","13:30:00","50","68","-18"
"2024-08-24","14:00:00","69","68","1"
"2024-08-24","14:30:00","79","110","-31"
"2024-08-24","15:00:00","123","73","50"
"2024-08-24","15:30:00","57","74","-17"
"2024-08-24","16:00:00","78","72","6"
"2024-08-24","16:30:00","74","62","12"
"2024-08-24","17:00:00","82","4","78"
"2024-08-24","19:00:00","1","0","1"
"2024-08-25","09:30:00","0","13","-13"
"2024-08-25","10:00:00","96","177","-81"
"2024-08-25","10:30:00","110","83","27"
"2024-08-25","11:00:00","86","67","19"
"2024-08-25","11:30:00","61","84","-23"
"2024-08-25","12:00:00","88","81","7"
"2024-08-25","12:30:00","69","94","-25"
"2024-08-25","13:00:00","108","107","1"
"2024-08-25","13:30:00","103","72","31"
"2024-08-25","14:00:00","74","79","-5"
"2024-08-25","14:30:00","77","64","13"
"2024-08-25","15:00:00","66","71","-5"
"2024-08-25","15:30:00","77","39","38"
"2024-08-25","16:00:00","39","44","-5"
"2024-08-25","16:30:00","39","56","-17"
"2024-08-25","17:00:00","57","1","56"
"2024-08-25","19:00:00","1","0","1"
"2024-08-27","09:30:00","0","91","-91"
"2024-08-27","10:00:00","454","221","233"
"2024-08-27","10:30:00","296","207","89"
"2024-08-27","11:00:00","305","158","147"
"2024-08-27","11:30:00","200","160","40"
"2024-08-27","12:00:00","211","128","83"
"2024-08-27","12:30:00","139","108","31"
"2024-08-27","13:00:00","169","132","37"
"2024-08-27","13:30:00","194","140","54"
"2024-08-27","14:00:00","335","172","163"
"2024-08-27","14:30:00","346","156","190"
"2024-08-27","15:00:00","376","246","130"
"2024-08-27","15:30:00","281","207","74"
"2024-08-27","16:00:00","305","133","172"
"2024-08-27","16:30:00","192","172","20"
"2024-08-27","17:00:00","284","184","100"
"2024-08-27","17:30:00","165","146","19"
"2024-08-27","18:00:00","249","148","101"
"2024-08-27","18:30:00","153","152","1"
"2024-08-27","19:00:00","430","65","365"
"2024-08-28","10:00:00","8","23","-15"
"2024-08-28","10:30:00","23","23","0"
"2024-08-28","11:00:00","22","16","6"
"2024-08-28","11:30:00","25","36","-11"
"2024-08-28","12:00:00","21","16","5"
"2024-08-28","12:30:00","18","31","-13"
"2024-08-28","13:00:00","33","22","11"
"2024-08-28","13:30:00","33","15","18"
"2024-08-28","14:00:00","23","26","-3"
"2024-08-28","14:30:00","18","58","-40"
"2024-08-28","15:00:00","56","32","24"
"2024-08-28","15:30:00","30","33","-3"
"2024-08-28","16:00:00","38","28","10"
"2024-08-28","16:30:00","37","18","19"
"2024-08-28","17:00:00","21","3","18"
"2024-08-29","09:30:00","0","2","-2"
"2024-08-29","10:00:00","5","40","-35"
"2024-08-29","10:30:00","142","61","81"
"2024-08-29","11:00:00","19","37","-18"
"2024-08-29","11:30:00","29","42","-13"
"2024-08-29","12:00:00","47","25","22"
"2024-08-29","12:30:00","32","17","15"
"2024-08-29","13:00:00","18","28","-10"
"2024-08-29","13:30:00","38","24","14"
"2024-08-29","14:00:00","22","21","1"
"2024-08-29","14:30:00","17","28","-11"
"2024-08-29","15:00:00","25","32","-7"
"2024-08-29","15:30:00","30","40","-10"
"2024-08-29","16:00:00","44","27","17"
"2024-08-29","16:30:00","28","19","9"
"2024-08-29","17:00:00","24","0","24"
"2024-08-30","09:30:00","0","8","-8"
"2024-08-30","10:00:00","19","47","-28"
"2024-08-30","10:30:00","26","33","-7"
"2024-08-30","11:00:00","44","48","-4"
"2024-08-30","11:30:00","42","24","18"
"2024-08-30","12:00:00","24","32","-8"
"2024-08-30","12:30:00","20","38","-18"
"2024-08-30","13:00:00","39","29","10"
"2024-08-30","13:30:00","42","36","6"
"2024-08-30","14:00:00","45","35","10"
"2024-08-30","14:30:00","74","74","0"
"2024-08-30","15:00:00","42","47","-5"
"2024-08-30","15:30:00","14","51","-37"
"2024-08-30","16:00:00","64","41","23"
"2024-08-30","16:30:00","48","34","14"
"2024-08-30","17:00:00","59","7","52"
"2024-08-31","09:30:00","0","4","-4"
"2024-08-31","10:00:00","13","67","-54"
"2024-08-31","10:30:00","56","59","-3"
"2024-08-31","11:00:00","59","93","-34"
"2024-08-31","11:30:00","80","75","5"
"2024-08-31","12:00:00","85","79","6"
"2024-08-31","12:30:00","62","23","39"
"2024-08-31","13:00:00","35","32","3"
"2024-08-31","13:30:00","37","56","-19"
"2024-08-31","14:00:00","48","59","-11"
"2024-08-31","14:30:00","83","44","39"
"2024-08-31","15:00:00","66","83","-17"
"2024-08-31","15:30:00","42","66","-24"
"2024-08-31","16:00:00","72","67","5"
"2024-08-31","16:30:00","79","42","37"
"2024-08-31","17:00:00","59","5","54"
"2024-08-31","19:00:00","1","0","1"
"2024-08-31","19:30:00","1","0","1"
"2024-09-01","09:30:00","0","6","-6"
"2024-09-01","10:00:00","36","108","-72"
"2024-09-01","10:30:00","95","64","31"
"2024-09-01","11:00:00","53","99","-46"
"2024-09-01","11:30:00","109","61","48"
"2024-09-01","12:00:00","61","78","-17"
"2024-09-01","12:30:00","65","58","7"
"2024-09-01","13:00:00","62","52","10"
"2024-09-01","13:30:00","58","60","-2"
"2024-09-01","14:00:00","63","70","-7"
"2024-09-01","14:30:00","68","59","9"
"2024-09-01","15:00:00","70","61","9"
"2024-09-01","15:30:00","56","45","11"
"2024-09-01","16:00:00","52","72","-20"
"2024-09-01","16:30:00","60","43","17"
"2024-09-01","17:00:00","49","7","42"
"2024-09-01","19:00:00","3","0","3"
"2024-09-03","09:30:00","0","74","-74"
"2024-09-03","10:00:00","462","199","263"
"2024-09-03","10:30:00","97","191","-94"
"2024-09-03","11:00:00","349","166","183"
"2024-09-03","11:30:00","225","77","148"
"2024-09-03","12:00:00","183","183","0"
"2024-09-03","12:30:00","107","113","-6"
"2024-09-03","13:00:00","218","120","98"
"2024-09-03","13:30:00","235","139","96"
"2024-09-03","14:00:00","344","139","205"
"2024-09-03","14:30:00","228","178","50"
"2024-09-03","15:00:00","321","164","157"
"2024-09-03","15:30:00","286","158","128"
"2024-09-03","16:00:00","271","156","115"
"2024-09-03","16:30:00","224","165","59"
"2024-09-03","17:00:00","181","117","64"
"2024-09-03","17:30:00","154","143","11"
"2024-09-03","18:00:00","223","138","85"
"2024-09-03","18:30:00","211","189","22"
"2024-09-03","19:00:00","407","62","345"
"2024-09-04","09:30:00","0","1","-1"
"2024-09-04","10:00:00","6","39","-33"
"2024-09-04","10:30:00","40","33","7"
"2024-09-04","11:00:00","27","33","-6"
"2024-09-04","11:30:00","33","46","-13"
"2024-09-04","12:00:00","45","19","26"
"2024-09-04","12:30:00","19","17","2"
"2024-09-04","13:00:00","18","18","0"
"2024-09-04","13:30:00","19","15","4"
"2024-09-04","14:00:00","16","25","-9"
"2024-09-04","14:30:00","27","26","1"
"2024-09-04","15:00:00","25","37","-12"
"2024-09-04","15:30:00","38","26","12"
"2024-09-04","16:00:00","24","28","-4"
"2024-09-04","16:30:00","33","24","9"
"2024-09-04","17:00:00","25","5","20"
"2024-09-04","19:00:00","2","0","2"
"2024-09-05","09:30:00","0","41","-41"
"2024-09-05","10:00:00","281","186","95"
"2024-09-05","10:30:00","120","118","2"
"2024-09-05","11:00:00","177","88","89"
"2024-09-05","11:30:00","154","130","24"
"2024-09-05","12:00:00","104","74","30"
"2024-09-05","12:30:00","106","101","5"
"2024-09-05","13:00:00","161","110","51"
"2024-09-05","13:30:00","140","120","20"
"2024-09-05","14:00:00","177","97","80"
"2024-09-05","14:30:00","146","143","3"
"2024-09-05","15:00:00","205","106","99"
"2024-09-05","15:30:00","165","199","-34"
"2024-09-05","16:00:00","220","135","85"
"2024-09-05","16:30:00","255","170","85"
"2024-09-05","17:00:00","281","41","240"
"2024-09-05","17:30:00","0","41","-41"
"2024-09-05","19:00:00","76","0","76"
"2024-09-06","09:30:00","0","10","-10"
"2024-09-06","10:00:00","46","98","-52"
"2024-09-06","10:30:00","54","163","-109"
"2024-09-06","11:00:00","68","103","-35"
"2024-09-06","11:30:00","151","76","75"
"2024-09-06","12:00:00","87","77","10"
"2024-09-06","12:30:00","49","51","-2"
"2024-09-06","13:00:00","60","59","1"
"2024-09-06","13:30:00","95","35","60"
"2024-09-06","14:00:00","41","56","-15"
"2024-09-06","14:30:00","68","85","-17"
"2024-09-06","15:00:00","75","58","17"
"2024-09-06","15:30:00","64","70","-6"
"2024-09-06","16:00:00","73","73","0"
"2024-09-06","16:30:00","74","46","28"
"2024-09-06","17:00:00","77","8","69"
"2024-09-06","19:00:00","2","0","2"
"2024-09-07","10:00:00","4","0","4"
"2024-09-07","10:30:00","2","0","2"
"2024-09-07","11:00:00","7","0","7"
"2024-09-07","11:30:00","5","0","5"
"2024-09-07","12:00:00","2","0","2"
"2024-09-07","13:00:00","2","0","2"
"2024-09-07","13:30:00","5","0","5"
"2024-09-07","14:00:00","16","0","16"
"2024-09-07","14:30:00","1","0","1"
"2024-09-07","15:00:00","5","0","5"
"2024-09-07","15:30:00","2","0","2"
"2024-09-07","16:00:00","2","0","2"
"2024-09-07","16:30:00","2","0","2"
"2024-09-07","17:00:00","2","0","2"
"2024-09-08","09:30:00","0","18","-18"
"2024-09-08","10:00:00","114","179","-65"
"2024-09-08","10:30:00","102","131","-29"
"2024-09-08","11:00:00","129","129","0"
"2024-09-08","11:30:00","138","132","6"
"2024-09-08","12:00:00","119","130","-11"
"2024-09-08","12:30:00","97","105","-8"
"2024-09-08","13:00:00","112","83","29"
"2024-09-08","13:30:00","72","64","8"
"2024-09-08","14:00:00","93","109","-16"
"2024-09-08","14:30:00","141","101","40"
"2024-09-08","15:00:00","87","157","-70"
"2024-09-08","15:30:00","134","113","21"
"2024-09-08","16:00:00","126","49","77"
"2024-09-08","16:30:00","47","90","-43"
"2024-09-08","17:00:00","121","14","107"
"2024-09-08","19:00:00","1","0","1"
"2024-09-10","09:30:00","0","132","-132"
"2024-09-10","10:00:00","503","171","332"
"2024-09-10","10:30:00","517","259","258"
"2024-09-10","11:00:00","474","181","293"
"2024-09-10","11:30:00","468","196","272"
"2024-09-10","12:00:00","233","229","4"
"2024-09-10","12:30:00","356","152","204"
"2024-09-10","13:00:00","238","127","111"
"2024-09-10","13:30:00","217","195","22"
"2024-09-10","14:00:00","430","215","215"
"2024-09-10","14:30:00","369","202","167"
"2024-09-10","15:00:00","445","198","247"
"2024-09-10","15:30:00","272","253","19"
"2024-09-10","16:00:00","386","215","171"
"2024-09-10","16:30:00","269","165","104"
"2024-09-10","17:00:00","284","131","153"
"2024-09-10","17:30:00","190","166","24"
"2024-09-10","18:00:00","186","152","34"
"2024-09-10","18:30:00","292","159","133"
"2024-09-10","19:00:00","511","105","406"
"2024-09-10","19:30:00","0","16","-16"
"2024-09-11","10:00:00","22","77","-55"
"2024-09-11","10:30:00","71","61","10"
"2024-09-11","11:00:00","47","39","8"
"2024-09-11","11:30:00","38","51","-13"
"2024-09-11","12:00:00","54","23","31"
"2024-09-11","12:30:00","23","30","-7"
"2024-09-11","13:00:00","28","34","-6"
"2024-09-11","13:30:00","34","34","0"
"2024-09-11","14:00:00","33","50","-17"
"2024-09-11","14:30:00","49","20","29"
"2024-09-11","15:00:00","26","38","-12"
"2024-09-11","15:30:00","33","35","-2"
"2024-09-11","16:00:00","42","30","12"
"2024-09-11","16:30:00","22","29","-7"
"2024-09-11","17:00:00","40","5","35"
"2024-09-12","09:30:00","0","13","-13"
"2024-09-12","10:00:00","13","70","-57"
"2024-09-12","10:30:00","65","50","15"
"2024-09-12","11:00:00","48","51","-3"
"2024-09-12","11:30:00","43","23","20"
"2024-09-12","12:00:00","35","30","5"
"2024-09-12","12:30:00","28","31","-3"
"2024-09-12","13:00:00","30","41","-11"
"2024-09-12","13:30:00","30","27","3"
"2024-09-12","14:00:00","43","32","11"
"2024-09-12","14:30:00","41","38","3"
"2024-09-12","15:00:00","40","53","-13"
"2024-09-12","15:30:00","31","33","-2"
"2024-09-12","16:00:00","55","42","13"
"2024-09-12","16:30:00","23","24","-1"
"2024-09-12","17:00:00","52","2","50"
"2024-09-13","09:30:00","0","20","-20"
"2024-09-13","10:00:00","38","92","-54"
"2024-09-13","10:30:00","73","46","27"
"2024-09-13","11:00:00","57","75","-18"
"2024-09-13","11:30:00","58","51","7"
"2024-09-13","12:00:00","47","26","21"
"2024-09-13","12:30:00","26","19","7"
"2024-09-13","13:00:00","37","46","-9"
"2024-09-13","13:30:00","49","47","2"
"2024-09-13","14:00:00","34","36","-2"
"2024-09-13","14:30:00","49","61","-12"
"2024-09-13","15:00:00","61","52","9"
"2024-09-13","15:30:00","49","48","1"
"2024-09-13","16:00:00","85","33","52"
"2024-09-13","16:30:00","53","22","31"
"2024-09-13","17:00:00","25","4","21"
"2024-09-13","19:00:00","2","0","2"
"2024-09-13","19:30:00","2","0","2"
"2024-09-14","09:30:00","0","13","-13"
"2024-09-14","10:00:00","51","69","-18"
"2024-09-14","10:30:00","77","116","-39"
"2024-09-14","11:00:00","81","83","-2"
"2024-09-14","11:30:00","72","80","-8"
"2024-09-14","12:00:00","85","60","25"
"2024-09-14","12:30:00","64","86","-22"
"2024-09-14","13:00:00","85","56","29"
"2024-09-14","13:30:00","50","71","-21"
"2024-09-14","14:00:00","65","80","-15"
"2024-09-14","14:30:00","72","89","-17"
"2024-09-14","15:00:00","101","70","31"
"2024-09-14","15:30:00","70","96","-26"
"2024-09-14","16:00:00","88","63","25"
"2024-09-14","16:30:00","82","39","43"
"2024-09-14","17:00:00","57","10","47"
"2024-09-14","17:30:00","0","2","-2"
"2024-09-15","09:30:00","0","12","-12"
"2024-09-15","10:00:00","30","92","-62"
"2024-09-15","10:30:00","87","99","-12"
"2024-09-15","11:00:00","108","99","9"
"2024-09-15","11:30:00","91","98","-7"
"2024-09-15","12:00:00","88","79","9"
"2024-09-15","12:30:00","75","77","-2"
"2024-09-15","13:00:00","81","80","1"
"2024-09-15","13:30:00","72","54","18"
"2024-09-15","14:00:00","59","78","-19"
"2024-09-15","14:30:00","88","87","1"
"2024-09-15","15:00:00","84","66","18"
"2024-09-15","15:30:00","79","53","26"
"2024-09-15","16:00:00","56","41","15"
"2024-09-15","16:30:00","44","68","-24"
"2024-09-15","17:00:00","60","0","60"
"2024-09-16","19:00:00","34","0","34"
"2024-09-17","09:30:00","0","124","-124"
"2024-09-17","10:00:00","479","198","281"
"2024-09-17","10:30:00","291","242","49"
"2024-09-17","11:00:00","321","219","102"
"2024-09-17","11:30:00","238","127","111"
"2024-09-17","12:00:00","95","109","-14"
"2024-09-17","12:30:00","222","152","70"
"2024-09-17","13:00:00","265","213","52"
"2024-09-17","13:30:00","259","173","86"
"2024-09-17","14:00:00","389","227","162"
"2024-09-17","14:30:00","308","110","198"
"2024-09-17","15:00:00","390","272","118"
"2024-09-17","15:30:00","327","236","91"
"2024-09-17","16:00:00","310","219","91"
"2024-09-17","16:30:00","278","177","101"
"2024-09-17","17:00:00","321","184","137"
"2024-09-17","17:30:00","204","161","43"
"2024-09-17","18:00:00","257","159","98"
"2024-09-17","18:30:00","218","173","45"
"2024-09-17","19:00:00","366","64","302"
"2024-09-17","19:30:00","0","18","-18"
"2024-09-18","10:00:00","6","75","-69"
"2024-09-18","10:30:00","103","32","71"
"2024-09-18","11:00:00","33","44","-11"
"2024-09-18","11:30:00","50","47","3"
"2024-09-18","12:00:00","27","32","-5"
"2024-09-18","12:30:00","34","30","4"
"2024-09-18","13:00:00","35","26","9"
"2024-09-18","13:30:00","26","30","-4"
"2024-09-18","14:00:00","30","27","3"
"2024-09-18","14:30:00","50","75","-25"
"2024-09-18","15:00:00","32","30","2"
"2024-09-18","15:30:00","67","25","42"
"2024-09-18","16:00:00","25","25","0"
"2024-09-18","16:30:00","28","39","-11"
"2024-09-18","17:00:00","39","1","38"
"2024-09-18","19:00:00","12","0","12"
"2024-09-19","09:30:00","0","6","-6"
"2024-09-19","10:00:00","8","36","-28"
"2024-09-19","10:30:00","36","38","-2"
"2024-09-19","11:00:00","28","42","-14"
"2024-09-19","11:30:00","50","28","22"
"2024-09-19","12:00:00","30","46","-16"
"2024-09-19","12:30:00","44","19","25"
"2024-09-19","13:00:00","25","29","-4"
"2024-09-19","13:30:00","18","36","-18"
"2024-09-19","14:00:00","38","37","1"
"2024-09-19","14:30:00","47","39","8"
"2024-09-19","15:00:00","39","43","-4"
"2024-09-19","15:30:00","39","31","8"
"2024-09-19","16:00:00","40","43","-3"
"2024-09-19","16:30:00","40","35","5"
"2024-09-19","17:00:00","54","2","52"
"2024-09-19","19:00:00","20","0","20"
"2024-09-20","09:30:00","0","12","-12"
"2024-09-20","10:00:00","32","79","-47"
"2024-09-20","10:30:00","63","71","-8"
"2024-09-20","11:00:00","52","55","-3"
"2024-09-20","11:30:00","48","50","-2"
"2024-09-20","12:00:00","72","41","31"
"2024-09-20","12:30:00","35","36","-1"
"2024-09-20","13:00:00","34","50","-16"
"2024-09-20","13:30:00","68","55","13"
"2024-09-20","14:00:00","70","43","27"
"2024-09-20","14:30:00","21","56","-35"
"2024-09-20","15:00:00","48","57","-9"
"2024-09-20","15:30:00","66","68","-2"
"2024-09-20","16:00:00","53","54","-1"
"2024-09-20","16:30:00","57","48","9"
"2024-09-20","17:00:00","74","9","65"
"2024-09-20","19:00:00","2","0","2"
"2024-09-21","09:30:00","0","4","-4"
"2024-09-21","10:00:00","46","109","-63"
"2024-09-21","10:30:00","114","72","42"
"2024-09-21","11:00:00","92","80","12"
"2024-09-21","11:30:00","97","79","18"
"2024-09-21","12:00:00","98","64","34"
"2024-09-21","12:30:00","65","43","22"
"2024-09-21","13:00:00","54","67","-13"
"2024-09-21","13:30:00","89","46","43"
"2024-09-21","14:00:00","73","66","7"
"2024-09-21","14:30:00","97","43","54"
"2024-09-21","15:00:00","65","47","18"
"2024-09-21","15:30:00","80","73","7"
"2024-09-21","16:00:00","93","71","22"
"2024-09-21","16:30:00","73","61","12"
"2024-09-21","17:00:00","78","9","69"
"2024-09-21","17:30:00","0","204","-204"
"2024-09-21","19:00:00","9","0","9"
"2024-09-22","09:30:00","0","19","-19"
"2024-09-22","10:00:00","45","112","-67"
"2024-09-22","10:30:00","70","89","-19"
"2024-09-22","11:00:00","113","93","20"
"2024-09-22","11:30:00","88","99","-11"
"2024-09-22","12:00:00","88","60","28"
"2024-09-22","12:30:00","53","75","-22"
"2024-09-22","13:00:00","61","61","0"
"2024-09-22","13:30:00","85","114","-29"
"2024-09-22","14:00:00","87","107","-20"
"2024-09-22","14:30:00","120","73","47"
"2024-09-22","15:00:00","90","47","43"
"2024-09-22","15:30:00","40","46","-6"
"2024-09-22","16:00:00","51","51","0"
"2024-09-22","16:30:00","74","47","27"
"2024-09-22","17:00:00","58","3","55"
"2024-09-24","09:30:00","0","54","-54"
"2024-09-24","10:00:00","383","203","180"
"2024-09-24","10:30:00","336","248","88"
"2024-09-24","11:00:00","352","214","138"
"2024-09-24","11:30:00","198","168","30"
"2024-09-24","12:00:00","202","107","95"
"2024-09-24","12:30:00","157","141","16"
"2024-09-24","13:00:00","206","125","81"
"2024-09-24","13:30:00","210","184","26"
"2024-09-24","14:00:00","364","170","194"
"2024-09-24","14:30:00","324","150","174"
"2024-09-24","15:00:00","366","273","93"
"2024-09-24","15:30:00","239","223","16"
"2024-09-24","16:00:00","290","222","68"
"2024-09-24","16:30:00","263","188","75"
"2024-09-24","17:00:00","274","198","76"
"2024-09-24","17:30:00","212","180","32"
"2024-09-24","18:00:00","282","173","109"
"2024-09-24","18:30:00","279","164","115"
"2024-09-24","19:00:00","414","100","314"
"2024-09-25","09:30:00","0","9","-9"
"2024-09-25","10:00:00","11","41","-30"
"2024-09-25","10:30:00","39","36","3"
"2024-09-25","11:00:00","40","64","-24"
"2024-09-25","11:30:00","66","52","14"
"2024-09-25","12:00:00","24","21","3"
"2024-09-25","12:30:00","18","11","7"
"2024-09-25","13:00:00","15","24","-9"
"2024-09-25","13:30:00","20","20","0"
"2024-09-25","14:00:00","24","30","-6"
"2024-09-25","14:30:00","57","18","39"
"2024-09-25","15:00:00","21","25","-4"
"2024-09-25","15:30:00","25","56","-31"
"2024-09-25","16:00:00","52","35","17"
"2024-09-25","16:30:00","37","15","22"
"2024-09-25","17:00:00","18","2","16"
"2024-09-26","09:30:00","0","6","-6"
"2024-09-26","10:00:00","14","57","-43"
"2024-09-26","10:30:00","48","27","21"
"2024-09-26","11:00:00","30","36","-6"
"2024-09-26","11:30:00","35","29","6"
"2024-09-26","12:00:00","28","22","6"
"2024-09-26","12:30:00","16","19","-3"
"2024-09-26","13:00:00","24","16","8"
"2024-09-26","13:30:00","12","16","-4"
"2024-09-26","14:00:00","24","21","3"
"2024-09-26","14:30:00","20","50","-30"
"2024-09-26","15:00:00","49","63","-14"
"2024-09-26","15:30:00","67","60","7"
"2024-09-26","16:00:00","57","24","33"
"2024-09-26","16:30:00","34","33","1"
"2024-09-26","17:00:00","31","6","25"
"2024-09-26","19:00:00","17","0","17"
"2024-09-27","09:30:00","0","5","-5"
"2024-09-27","10:00:00","23","84","-61"
"2024-09-27","10:30:00","59","53","6"
"2024-09-27","11:00:00","36","71","-35"
"2024-09-27","11:30:00","78","59","19"
"2024-09-27","12:00:00","67","32","35"
"2024-09-27","12:30:00","38","22","16"
"2024-09-27","13:00:00","27","39","-12"
"2024-09-27","13:30:00","36","43","-7"
"2024-09-27","14:00:00","42","45","-3"
"2024-09-27","14:30:00","61","61","0"
"2024-09-27","15:00:00","71","69","2"
"2024-09-27","15:30:00","25","38","-13"
"2024-09-27","16:00:00","38","36","2"
"2024-09-27","16:30:00","52","59","-7"
"2024-09-27","17:00:00","77","1","76"
"2024-09-28","09:30:00","0","24","-24"
"2024-09-28","10:00:00","51","129","-78"
"2024-09-28","10:30:00","81","91","-10"
"2024-09-28","11:00:00","100","124","-24"
"2024-09-28","11:30:00","122","74","48"
"2024-09-28","12:00:00","71","70","1"
"2024-09-28","12:30:00","84","80","4"
"2024-09-28","13:00:00","75","63","12"
"2024-09-28","13:30:00","91","66","25"
"2024-09-28","14:00:00","61","93","-32"
"2024-09-28","14:30:00","69","71","-2"
"2024-09-28","15:00:00","91","79","12"
"2024-09-28","15:30:00","73","58","15"
"2024-09-28","16:00:00","65","67","-2"
"2024-09-28","16:30:00","66","80","-14"
"2024-09-28","17:00:00","90","3","87"
"2024-09-29","09:30:00","0","19","-19"
"2024-09-29","10:00:00","50","185","-135"
"2024-09-29","10:30:00","303","126","177"
"2024-09-29","11:00:00","162","115","47"
"2024-09-29","11:30:00","136","119","17"
"2024-09-29","12:00:00","114","93","21"
"2024-09-29","12:30:00","89","82","7"
"2024-09-29","13:00:00","99","100","-1"
"2024-09-29","13:30:00","122","75","47"
"2024-09-29","14:00:00","77","74","3"
"2024-09-29","14:30:00","72","66","6"
"2024-09-29","15:00:00","86","75","11"
"2024-09-29","15:30:00","64","71","-7"
"2024-09-29","16:00:00","86","55","31"
"2024-09-29","16:30:00","80","37","43"
"2024-09-29","17:00:00","45","14","31"
"2024-09-29","19:00:00","9","0","9"
"2024-10-01","09:30:00","0","67","-67"
"2024-10-01","10:00:00","344","179","165"
"2024-10-01","10:30:00","249","183","66"
"2024-10-01","11:00:00","284","150","134"
"2024-10-01","11:30:00","180","119","61"
"2024-10-01","12:00:00","138","105","33"
"2024-10-01","12:30:00","119","94","25"
"2024-10-01","13:00:00","107","90","17"
"2024-10-01","13:30:00","148","145","3"
"2024-10-01","14:00:00","265","183","82"
"2024-10-01","14:30:00","324","171","153"
"2024-10-01","15:00:00","46","146","-100"
"2024-10-01","15:30:00","393","199","194"
"2024-10-01","16:00:00","283","136","147"
"2024-10-01","16:30:00","198","158","40"
"2024-10-01","17:00:00","233","141","92"
"2024-10-01","17:30:00","140","160","-20"
"2024-10-01","18:00:00","216","116","100"
"2024-10-01","18:30:00","215","108","107"
"2024-10-01","19:00:00","299","30","269"
"2024-10-02","09:30:00","0","1","-1"
"2024-10-02","10:00:00","16","42","-26"
"2024-10-02","10:30:00","128","21","107"
"2024-10-02","11:00:00","24","16","8"
"2024-10-02","11:30:00","14","20","-6"
"2024-10-02","12:00:00","16","20","-4"
"2024-10-02","12:30:00","19","14","5"
"2024-10-02","13:00:00","14","17","-3"
"2024-10-02","13:30:00","23","29","-6"
"2024-10-02","14:00:00","24","17","7"
"2024-10-02","14:30:00","14","24","-10"
"2024-10-02","15:00:00","21","23","-2"
"2024-10-02","15:30:00","28","31","-3"
"2024-10-02","16:00:00","30","16","14"
"2024-10-02","16:30:00","24","9","15"
"2024-10-02","17:00:00","14","2","12"
"2024-10-03","09:30:00","0","37","-37"
"2024-10-03","10:00:00","238","160","78"
"2024-10-03","10:30:00","271","206","65"
"2024-10-03","11:00:00","284","122","162"
"2024-10-03","11:30:00","177","84","93"
"2024-10-03","12:00:00","71","75","-4"
"2024-10-03","12:30:00","68","82","-14"
"2024-10-03","13:00:00","85","53","32"
"2024-10-03","13:30:00","108","89","19"
"2024-10-03","14:00:00","170","99","71"
"2024-10-03","14:30:00","133","91","42"
"2024-10-03","15:00:00","189","87","102"
"2024-10-03","15:30:00","145","98","47"
"2024-10-03","16:00:00","143","108","35"
"2024-10-03","16:30:00","142","107","35"
"2024-10-03","17:00:00","182","35","147"
"2024-10-03","17:30:00","0","2","-2"
"2024-10-03","19:00:00","20","0","20"
"2024-10-04","09:30:00","0","6","-6"
"2024-10-04","10:00:00","56","79","-23"
"2024-10-04","10:30:00","89","124","-35"
"2024-10-04","11:00:00","73","54","19"
"2024-10-04","11:30:00","51","55","-4"
"2024-10-04","12:00:00","54","37","17"
"2024-10-04","12:30:00","37","30","7"
"2024-10-04","13:00:00","29","33","-4"
"2024-10-04","13:30:00","32","43","-11"
"2024-10-04","14:00:00","45","45","0"
"2024-10-04","14:30:00","80","78","2"
"2024-10-04","15:00:00","54","39","15"
"2024-10-04","15:30:00","42","48","-6"
"2024-10-04","16:00:00","48","38","10"
"2024-10-04","16:30:00","72","86","-14"
"2024-10-04","17:00:00","56","4","52"
"2024-10-04","19:00:00","1","0","1"
"2024-10-05","09:30:00","0","13","-13"
"2024-10-05","10:00:00","58","68","-10"
"2024-10-05","10:30:00","44","70","-26"
"2024-10-05","11:00:00","58","115","-57"
"2024-10-05","11:30:00","69","56","13"
"2024-10-05","12:00:00","85","99","-14"
"2024-10-05","12:30:00","69","59","10"
"2024-10-05","13:00:00","104","60","44"
"2024-10-05","13:30:00","84","61","23"
"2024-10-05","14:00:00","66","64","2"
"2024-10-05","14:30:00","42","59","-17"
"2024-10-05","15:00:00","75","73","2"
"2024-10-05","15:30:00","69","89","-20"
"2024-10-05","16:00:00","109","88","21"
"2024-10-05","16:30:00","74","88","-14"
"2024-10-05","17:00:00","116","8","108"
"2024-10-06","09:30:00","0","21","-21"
"2024-10-06","10:00:00","39","101","-62"
"2024-10-06","10:30:00","59","104","-45"
"2024-10-06","11:00:00","108","87","21"
"2024-10-06","11:30:00","93","111","-18"
"2024-10-06","12:00:00","111","60","51"
"2024-10-06","12:30:00","64","76","-12"
"2024-10-06","13:00:00","66","64","2"
"2024-10-06","13:30:00","88","77","11"
"2024-10-06","14:00:00","76","75","1"
"2024-10-06","14:30:00","76","58","18"
"2024-10-06","15:00:00","64","94","-30"
"2024-10-06","15:30:00","86","66","20"
"2024-10-06","16:00:00","69","65","4"
"2024-10-06","16:30:00","62","53","9"
"2024-10-06","17:00:00","76","5","71"
"2024-10-07","10:00:00","1","0","1"
"2024-10-07","10:30:00","2","0","2"
"2024-10-08","09:30:00","0","48","-48"
"2024-10-08","10:00:00","570","263","307"
"2024-10-08","10:30:00","259","246","13"
"2024-10-08","11:00:00","297","276","21"
"2024-10-08","11:30:00","186","190","-4"
"2024-10-08","12:00:00","259","125","134"
"2024-10-08","12:30:00","134","137","-3"
"2024-10-08","13:00:00","274","138","136"
"2024-10-08","13:30:00","142","183","-41"
"2024-10-08","14:00:00","295","198","97"
"2024-10-08","14:30:00","301","212","89"
"2024-10-08","15:00:00","312","226","86"
"2024-10-08","15:30:00","279","162","117"
"2024-10-08","16:00:00","289","225","64"
"2024-10-08","16:30:00","269","170","99"
"2024-10-08","17:00:00","223","159","64"
"2024-10-08","17:30:00","199","153","46"
"2024-10-08","18:00:00","206","109","97"
"2024-10-08","18:30:00","179","156","23"
"2024-10-08","19:00:00","273","42","231"
"2024-10-08","19:30:00","0","4","-4"
"2024-10-09","09:30:00","0","1","-1"
"2024-10-09","10:00:00","18","51","-33"
"2024-10-09","10:30:00","26","54","-28"
"2024-10-09","11:00:00","52","58","-6"
"2024-10-09","11:30:00","48","48","0"
"2024-10-09","12:00:00","51","35","16"
"2024-10-09","12:30:00","39","16","23"
"2024-10-09","13:00:00","29","22","7"
"2024-10-09","13:30:00","30","46","-16"
"2024-10-09","14:00:00","41","43","-2"
"2024-10-09","14:30:00","71","25","46"
"2024-10-09","15:00:00","25","30","-5"
"2024-10-09","15:30:00","28","26","2"
"2024-10-09","16:00:00","30","94","-64"
"2024-10-09","16:30:00","48","29","19"
"2024-10-09","17:00:00","53","3","50"
"2024-10-09","19:00:00","3","0","3"
"2024-10-10","09:30:00","0","13","-13"
"2024-10-10","10:00:00","15","74","-59"
"2024-10-10","10:30:00","63","87","-24"
"2024-10-10","11:00:00","77","56","21"
"2024-10-10","11:30:00","59","39","20"
"2024-10-10","12:00:00","41","28","13"
"2024-10-10","12:30:00","43","28","15"
"2024-10-10","13:00:00","20","28","-8"
"2024-10-10","13:30:00","42","36","6"
"2024-10-10","14:00:00","35","88","-53"
"2024-10-10","14:30:00","103","65","38"
"2024-10-10","15:00:00","41","55","-14"
"2024-10-10","15:30:00","60","45","15"
"2024-10-10","16:00:00","47","74","-27"
"2024-10-10","16:30:00","73","33","40"
"2024-10-10","17:00:00","64","7","57"
"2024-10-11","09:30:00","0","15","-15"
"2024-10-11","10:00:00","30","126","-96"
"2024-10-11","10:30:00","93","132","-39"
"2024-10-11","11:00:00","85","66","19"
"2024-10-11","11:30:00","121","63","58"
"2024-10-11","12:00:00","50","48","2"
"2024-10-11","12:30:00","56","45","11"
"2024-10-11","13:00:00","50","43","7"
"2024-10-11","13:30:00","57","55","2"
"2024-10-11","14:00:00","54","93","-39"
"2024-10-11","14:30:00","64","102","-38"
"2024-10-11","15:00:00","103","84","19"
"2024-10-11","15:30:00","99","69","30"
"2024-10-11","16:00:00","65","83","-18"
"2024-10-11","16:30:00","86","47","39"
"2024-10-11","17:00:00","77","7","70"
"2024-10-12","09:30:00","0","16","-16"
"2024-10-12","10:00:00","81","163","-82"
"2024-10-12","10:30:00","124","131","-7"
"2024-10-12","11:00:00","137","129","8"
"2024-10-12","11:30:00","135","124","11"
"2024-10-12","12:00:00","120","82","38"
"2024-10-12","12:30:00","77","74","3"
"2024-10-12","13:00:00","79","79","0"
"2024-10-12","13:30:00","81","74","7"
"2024-10-12","14:00:00","75","83","-8"
"2024-10-12","14:30:00","85","115","-30"
"2024-10-12","15:00:00","122","78","44"
"2024-10-12","15:30:00","73","109","-36"
"2024-10-12","16:00:00","114","120","-6"
"2024-10-12","16:30:00","114","81","33"
"2024-10-12","17:00:00","89","2","87"
"2024-10-13","09:30:00","0","22","-22"
"2024-10-13","10:00:00","133","210","-77"
"2024-10-13","10:30:00","136","173","-37"
"2024-10-13","11:00:00","191","174","17"
"2024-10-13","11:30:00","166","153","13"
"2024-10-13","12:00:00","130","137","-7"
"2024-10-13","12:30:00","133","128","5"
"2024-10-13","13:00:00","123","99","24"
"2024-10-13","13:30:00","104","130","-26"
"2024-10-13","14:00:00","148","128","20"
"2024-10-13","14:30:00","137","119","18"
"2024-10-13","15:00:00","119","112","7"
"2024-10-13","15:30:00","97","105","-8"
"2024-10-13","16:00:00","107","136","-29"
"2024-10-13","16:30:00","143","82","61"
"2024-10-13","17:00:00","77","0","77"
"2024-10-15","09:30:00","0","83","-83"
"2024-10-15","10:00:00","606","268","338"
"2024-10-15","10:30:00","494","349","145"
"2024-10-15","11:00:00","613","437","176"
"2024-10-15","11:30:00","368","314","54"
"2024-10-15","12:00:00","357","270","87"
"2024-10-15","12:30:00","292","277","15"
"2024-10-15","13:00:00","368","277","91"
"2024-10-15","13:30:00","434","198","236"
"2024-10-15","14:00:00","487","230","257"
"2024-10-15","14:30:00","367","328","39"
"2024-10-15","15:00:00","379","286","93"
"2024-10-15","15:30:00","349","297","52"
"2024-10-15","16:00:00","494","283","211"
"2024-10-15","16:30:00","330","263","67"
"2024-10-15","17:00:00","368","200","168"
"2024-10-15","17:30:00","239","268","-29"
"2024-10-15","18:00:00","384","192","192"
"2024-10-15","18:30:00","308","182","126"
"2024-10-15","19:00:00","261","44","217"
"2024-10-16","09:30:00","0","9","-9"
"2024-10-16","10:00:00","23","94","-71"
"2024-10-16","10:30:00","89","67","22"
"2024-10-16","11:00:00","70","80","-10"
"2024-10-16","11:30:00","84","55","29"
"2024-10-16","12:00:00","42","50","-8"
"2024-10-16","12:30:00","57","30","27"
"2024-10-16","13:00:00","31","48","-17"
"2024-10-16","13:30:00","38","69","-31"
"2024-10-16","14:00:00","51","45","6"
"2024-10-16","14:30:00","121","49","72"
"2024-10-16","15:00:00","52","61","-9"
"2024-10-16","15:30:00","61","51","10"
"2024-10-16","16:00:00","46","59","-13"
"2024-10-16","16:30:00","62","38","24"
"2024-10-16","17:00:00","45","0","45"
"2024-10-16","19:00:00","7","0","7"
"2024-10-17","09:30:00","0","1","-1"
"2024-10-17","10:00:00","27","81","-54"
"2024-10-17","10:30:00","72","68","4"
"2024-10-17","11:00:00","55","75","-20"
"2024-10-17","11:30:00","85","40","45"
"2024-10-17","12:00:00","35","36","-1"
"2024-10-17","12:30:00","37","41","-4"
"2024-10-17","13:00:00","37","44","-7"
"2024-10-17","13:30:00","46","42","4"
"2024-10-17","14:00:00","46","42","4"
"2024-10-17","14:30:00","41","43","-2"
"2024-10-17","15:00:00","55","52","3"
"2024-10-17","15:30:00","35","42","-7"
"2024-10-17","16:00:00","49","48","1"
"2024-10-17","16:30:00","51","24","27"
"2024-10-17","17:00:00","27","10","17"
"2024-10-17","19:00:00","5","0","5"
"2024-10-18","09:30:00","0","19","-19"
"2024-10-18","10:00:00","61","126","-65"
"2024-10-18","10:30:00","83","71","12"
"2024-10-18","11:00:00","122","61","61"
"2024-10-18","11:30:00","89","73","16"
"2024-10-18","12:00:00","76","54","22"
"2024-10-18","12:30:00","56","56","0"
"2024-10-18","13:00:00","77","45","32"
"2024-10-18","13:30:00","66","61","5"
"2024-10-18","14:00:00","65","58","7"
"2024-10-18","14:30:00","79","91","-12"
"2024-10-18","15:00:00","72","60","12"
"2024-10-18","15:30:00","78","83","-5"
"2024-10-18","16:00:00","60","56","4"
"2024-10-18","16:30:00","90","50","40"
"2024-10-18","17:00:00","50","0","50"
"2024-10-18","19:00:00","248","0","248"
"2024-10-19","09:30:00","0","18","-18"
"2024-10-19","10:00:00","46","122","-76"
"2024-10-19","10:30:00","96","136","-40"
"2024-10-19","11:00:00","126","106","20"
"2024-10-19","11:30:00","108","123","-15"
"2024-10-19","12:00:00","113","84","29"
"2024-10-19","12:30:00","82","106","-24"
"2024-10-19","13:00:00","96","62","34"
"2024-10-19","13:30:00","90","62","28"
"2024-10-19","14:00:00","76","88","-12"
"2024-10-19","14:30:00","107","71","36"
"2024-10-19","15:00:00","69","82","-13"
"2024-10-19","15:30:00","54","67","-13"
"2024-10-19","16:00:00","62","79","-17"
"2024-10-19","16:30:00","99","46","53"
"2024-10-19","17:00:00","61","5","56"
"2024-10-19","19:00:00","3","0","3"
"2024-10-20","09:30:00","0","18","-18"
"2024-10-20","10:00:00","65","124","-59"
"2024-10-20","10:30:00","70","136","-66"
"2024-10-20","11:00:00","121","128","-7"
"2024-10-20","11:30:00","139","134","5"
"2024-10-20","12:00:00","115","83","32"
"2024-10-20","12:30:00","97","83","14"
"2024-10-20","13:00:00","84","64","20"
"2024-10-20","13:30:00","55","93","-38"
"2024-10-20","14:00:00","99","70","29"
"2024-10-20","14:30:00","105","74","31"
"2024-10-20","15:00:00","76","72","4"
"2024-10-20","15:30:00","48","80","-32"
"2024-10-20","16:00:00","83","66","17"
"2024-10-20","16:30:00","71","70","1"
"2024-10-20","17:00:00","95","6","89"
"2024-10-20","19:00:00","2","0","2"
"2024-10-21","19:00:00","13","0","13"
"2024-10-22","09:30:00","0","35","-35"
"2024-10-22","10:00:00","300","193","107"
"2024-10-22","10:30:00","238","103","135"
"2024-10-22","11:00:00","154","118","36"
"2024-10-22","11:30:00","114","43","71"
"2024-10-22","12:00:00","86","33","53"
"2024-10-22","12:30:00","55","32","23"
"2024-10-22","13:00:00","67","149","-82"
"2024-10-22","13:30:00","68","156","-88"
"2024-10-22","14:00:00","175","169","6"
"2024-10-22","14:30:00","217","134","83"
"2024-10-22","15:00:00","178","143","35"
"2024-10-22","15:30:00","197","237","-40"
"2024-10-22","16:00:00","288","521","-233"
"2024-10-22","16:30:00","302","491","-189"
"2024-10-22","17:00:00","408","114","294"
"2024-10-22","17:30:00","364","185","179"
"2024-10-22","18:00:00","432","200","232"
"2024-10-22","18:30:00","372","127","245"
"2024-10-22","19:00:00","436","25","411"
"2024-10-22","19:30:00","0","2","-2"
"2024-10-23","09:30:00","0","1","-1"
"2024-10-23","10:00:00","8","33","-25"
"2024-10-23","10:30:00","35","44","-9"
"2024-10-23","11:00:00","36","100","-64"
"2024-10-23","11:30:00","57","37","20"
"2024-10-23","12:00:00","41","54","-13"
"2024-10-23","12:30:00","47","50","-3"
"2024-10-23","13:00:00","44","19","25"
"2024-10-23","13:30:00","26","26","0"
"2024-10-23","14:00:00","29","25","4"
"2024-10-23","14:30:00","23","41","-18"
"2024-10-23","15:00:00","43","19","24"
"2024-10-23","15:30:00","20","35","-15"
"2024-10-23","16:00:00","32","26","6"
"2024-10-23","16:30:00","31","25","6"
"2024-10-23","17:00:00","23","0","23"
"2024-10-24","09:30:00","0","2","-2"
"2024-10-24","10:00:00","9","80","-71"
"2024-10-24","10:30:00","58","52","6"
"2024-10-24","11:00:00","41","50","-9"
"2024-10-24","11:30:00","67","35","32"
"2024-10-24","12:00:00","35","32","3"
"2024-10-24","12:30:00","49","25","24"
"2024-10-24","13:00:00","28","27","1"
"2024-10-24","13:30:00","17","20","-3"
"2024-10-24","14:00:00","15","30","-15"
"2024-10-24","14:30:00","59","28","31"
"2024-10-24","15:00:00","24","48","-24"
"2024-10-24","15:30:00","15","73","-58"
"2024-10-24","16:00:00","53","24","29"
"2024-10-24","16:30:00","31","28","3"
"2024-10-24","17:00:00","47","0","47"
"2024-10-25","10:00:00","24","65","-41"
"2024-10-25","10:30:00","58","72","-14"
"2024-10-25","11:00:00","40","63","-23"
"2024-10-25","11:30:00","81","37","44"
"2024-10-25","12:00:00","24","42","-18"
"2024-10-25","12:30:00","72","49","23"
"2024-10-25","13:00:00","33","47","-14"
"2024-10-25","13:30:00","47","26","21"
"2024-10-25","14:00:00","34","31","3"
"2024-10-25","14:30:00","78","37","41"
"2024-10-25","15:00:00","41","70","-29"
"2024-10-25","15:30:00","104","53","51"
"2024-10-25","16:00:00","61","65","-4"
"2024-10-25","16:30:00","52","26","26"
"2024-10-25","17:00:00","33","2","31"
"2024-10-26","09:30:00","0","42","-42"
"2024-10-26","10:00:00","61","98","-37"
"2024-10-26","10:30:00","76","82","-6"
"2024-10-26","11:00:00","89","113","-24"
"2024-10-26","11:30:00","82","66","16"
"2024-10-26","12:00:00","69","64","5"
"2024-10-26","12:30:00","60","60","0"
"2024-10-26","13:00:00","70","62","8"
"2024-10-26","13:30:00","88","50","38"
"2024-10-26","14:00:00","72","62","10"
"2024-10-26","14:30:00","45","69","-24"
"2024-10-26","15:00:00","52","88","-36"
"2024-10-26","15:30:00","90","78","12"
"2024-10-26","16:00:00","71","60","11"
"2024-10-26","16:30:00","65","47","18"
"2024-10-26","17:00:00","85","14","71"
"2024-10-26","19:00:00","10","0","10"
"2024-10-26","19:30:00","4","0","4"
"2024-10-27","09:30:00","0","31","-31"
"2024-10-27","10:00:00","77","131","-54"
"2024-10-27","10:30:00","106","105","1"
"2024-10-27","11:00:00","101","101","0"
"2024-10-27","11:30:00","106","101","5"
"2024-10-27","12:00:00","96","95","1"
"2024-10-27","12:30:00","89","106","-17"
"2024-10-27","13:00:00","109","74","35"
"2024-10-27","13:30:00","95","88","7"
"2024-10-27","14:00:00","85","66","19"
"2024-10-27","14:30:00","62","103","-41"
"2024-10-27","15:00:00","116","100","16"
"2024-10-27","15:30:00","95","66","29"
"2024-10-27","16:00:00","89","78","11"
"2024-10-27","16:30:00","69","70","-1"
"2024-10-27","17:00:00","64","3","61"
"2024-10-27","19:00:00","5","0","5"
"2024-10-28","11:00:00","0","10","-10"
"2024-10-29","09:30:00","0","83","-83"
"2024-10-29","10:00:00","266","137","129"
"2024-10-29","10:30:00","183","258","-75"
"2024-10-29","11:00:00","251","190","61"
"2024-10-29","11:30:00","230","115","115"
"2024-10-29","12:00:00","191","128","63"
"2024-10-29","12:30:00","134","130","4"
"2024-10-29","13:00:00","181","109","72"
"2024-10-29","13:30:00","168","121","47"
"2024-10-29","14:00:00","228","196","32"
"2024-10-29","14:30:00","211","155","56"
"2024-10-29","15:00:00","278","131","147"
"2024-10-29","15:30:00","277","162","115"
"2024-10-29","16:00:00","227","179","48"
"2024-10-29","16:30:00","206","155","51"
"2024-10-29","17:00:00","192","94","98"
"2024-10-29","17:30:00","163","97","66"
"2024-10-29","18:00:00","171","190","-19"
"2024-10-29","18:30:00","182","99","83"
"2024-10-29","19:00:00","269","50","219"
"2024-10-30","10:00:00","5","60","-55"
"2024-10-30","10:30:00","111","30","81"
"2024-10-30","11:00:00","18","18","0"
"2024-10-30","11:30:00","15","37","-22"
"2024-10-30","12:00:00","40","24","16"
"2024-10-30","12:30:00","23","24","-1"
"2024-10-30","13:00:00","62","61","1"
"2024-10-30","13:30:00","22","29","-7"
"2024-10-30","14:00:00","43","47","-4"
"2024-10-30","14:30:00","62","39","23"
"2024-10-30","15:00:00","32","27","5"
"2024-10-30","15:30:00","25","41","-16"
"2024-10-30","16:00:00","41","23","18"
"2024-10-30","16:30:00","22","29","-7"
"2024-10-30","17:00:00","33","1","32"
"2024-10-31","10:00:00","16","59","-43"
"2024-10-31","10:30:00","35","54","-19"
"2024-10-31","11:00:00","58","101","-43"
"2024-10-31","11:30:00","80","64","16"
"2024-10-31","12:00:00","67","47","20"
"2024-10-31","12:30:00","60","34","26"
"2024-10-31","13:00:00","45","42","3"
"2024-10-31","13:30:00","59","30","29"
"2024-10-31","14:00:00","34","30","4"
"2024-10-31","14:30:00","16","62","-46"
"2024-10-31","15:00:00","28","44","-16"
"2024-10-31","15:30:00","101","46","55"
"2024-10-31","16:00:00","59","71","-12"
"2024-10-31","16:30:00","35","36","-1"
"2024-10-31","17:00:00","66","4","62"
"2024-10-31","17:30:00","0","1","-1"
"2024-10-31","19:00:00","7","0","7"
"2024-11-01","09:30:00","0","4","-4"
"2024-11-01","10:00:00","11","68","-57"
"2024-11-01","10:30:00","50","52","-2"
"2024-11-01","11:00:00","51","54","-3"
"2024-11-01","11:30:00","53","34","19"
"2024-11-01","12:00:00","35","36","-1"
"2024-11-01","12:30:00","26","36","-10"
"2024-11-01","13:00:00","46","33","13"
"2024-11-01","13:30:00","47","17","30"
"2024-11-01","14:00:00","21","29","-8"
"2024-11-01","14:30:00","15","29","-14"
"2024-11-01","15:00:00","31","32","-1"
"2024-11-01","15:30:00","25","32","-7"
"2024-11-01","16:00:00","51","37","14"
"2024-11-01","16:30:00","29","44","-15"
"2024-11-01","17:00:00","60","2","58"
"2024-11-02","09:30:00","0","171","-171"
"2024-11-02","10:00:00","265","148","117"
"2024-11-02","10:30:00","222","169","53"
"2024-11-02","11:00:00","297","284","13"
"2024-11-02","11:30:00","301","173","128"
"2024-11-02","12:00:00","267","171","96"
"2024-11-02","12:30:00","213","138","75"
"2024-11-02","13:00:00","278","159","119"
"2024-11-02","13:30:00","246","157","89"
"2024-11-02","14:00:00","420","211","209"
"2024-11-02","14:30:00","299","147","152"
"2024-11-02","15:00:00","436","202","234"
"2024-11-02","15:30:00","340","251","89"
"2024-11-02","16:00:00","415","199","216"
"2024-11-02","16:30:00","324","114","210"
"2024-11-02","17:00:00","433","43","390"
"2024-11-02","17:30:00","0","4","-4"
"2024-11-03","09:30:00","0","35","-35"
"2024-11-03","10:00:00","67","123","-56"
"2024-11-03","10:30:00","114","76","38"
"2024-11-03","11:00:00","72","105","-33"
"2024-11-03","11:30:00","102","104","-2"
"2024-11-03","12:00:00","108","95","13"
"2024-11-03","12:30:00","89","95","-6"
"2024-11-03","13:00:00","105","85","20"
"2024-11-03","13:30:00","75","68","7"
"2024-11-03","14:00:00","87","92","-5"
"2024-11-03","14:30:00","95","77","18"
"2024-11-03","15:00:00","82","71","11"
"2024-11-03","15:30:00","66","58","8"
"2024-11-03","16:00:00","54","76","-22"
"2024-11-03","16:30:00","65","38","27"
"2024-11-03","17:00:00","40","1","39"
"2024-11-05","09:30:00","0","67","-67"
"2024-11-05","10:00:00","283","313","-30"
"2024-11-05","10:30:00","240","151","89"
"2024-11-05","11:00:00","300","140","160"
"2024-11-05","11:30:00","210","126","84"
"2024-11-05","12:00:00","213","141","72"
"2024-11-05","12:30:00","164","109","55"
"2024-11-05","13:00:00","266","208","58"
"2024-11-05","13:30:00","306","163","143"
"2024-11-05","14:00:00","612","171","441"
"2024-11-05","14:30:00","0","13","-13"
"2024-11-05","15:00:00","7","0","7"
"2024-11-05","16:00:00","5","0","5"
"2024-11-05","16:30:00","2","0","2"
"2024-11-05","17:30:00","1","0","1"
"2024-11-05","18:00:00","8","0","8"
"2024-11-05","18:30:00","395","6","389"
"2024-11-05","19:00:00","79","26","53"
"2024-11-05","19:30:00","0","21","-21"
"2024-11-05","20:00:00","0","33","-33"
"2024-11-05","20:30:00","0","18","-18"
"2024-11-05","21:00:00","0","4","-4"
"2024-11-05","21:30:00","0","1","-1"
"2024-11-05","22:00:00","521","167","354"
"2024-11-05","22:30:00","0","121","-121"
"2024-11-05","23:00:00","0","43","-43"
"2024-11-05","23:30:00","0","14","-14"
"2024-11-06","09:30:00","0","2","-2"
"2024-11-06","10:00:00","14","28","-14"
"2024-11-06","10:30:00","143","172","-29"
"2024-11-06","11:00:00","77","81","-4"
"2024-11-06","11:30:00","135","59","76"
"2024-11-06","12:00:00","36","21","15"
"2024-11-06","12:30:00","22","31","-9"
"2024-11-06","13:00:00","33","30","3"
"2024-11-06","13:30:00","28","31","-3"
"2024-11-06","14:00:00","28","27","1"
"2024-11-06","14:30:00","32","63","-31"
"2024-11-06","15:00:00","60","31","29"
"2024-11-06","15:30:00","35","35","0"
"2024-11-06","16:00:00","41","57","-16"
"2024-11-06","16:30:00","21","17","4"
"2024-11-06","17:00:00","45","0","45"
"2024-11-06","19:00:00","13","0","13"
"2024-11-07","09:30:00","0","90","-90"
"2024-11-07","10:00:00","210","172","38"
"2024-11-07","10:30:00","164","84","80"
"2024-11-07","11:00:00","171","148","23"
"2024-11-07","11:30:00","138","96","42"
"2024-11-07","12:00:00","122","29","93"
"2024-11-07","12:30:00","55","51","4"
"2024-11-07","13:00:00","96","111","-15"
"2024-11-07","13:30:00","105","100","5"
"2024-11-07","14:00:00","162","66","96"
"2024-11-07","14:30:00","123","142","-19"
"2024-11-07","15:00:00","202","148","54"
"2024-11-07","15:30:00","244","111","133"
"2024-11-07","16:00:00","195","93","102"
"2024-11-07","16:30:00","132","119","13"
"2024-11-07","17:00:00","182","26","156"
"2024-11-07","19:00:00","38","0","38"
"2024-11-08","09:30:00","0","3","-3"
"2024-11-08","10:00:00","25","91","-66"
"2024-11-08","10:30:00","91","27","64"
"2024-11-08","11:00:00","36","97","-61"
"2024-11-08","11:30:00","107","37","70"
"2024-11-08","12:00:00","42","22","20"
"2024-11-08","12:30:00","24","29","-5"
"2024-11-08","13:00:00","39","22","17"
"2024-11-08","13:30:00","26","47","-21"
"2024-11-08","14:00:00","54","53","1"
"2024-11-08","14:30:00","53","32","21"
"2024-11-08","15:00:00","44","52","-8"
"2024-11-08","15:30:00","80","56","24"
"2024-11-08","16:00:00","36","42","-6"
"2024-11-08","16:30:00","47","42","5"
"2024-11-08","17:00:00","38","0","38"
"2024-11-08","19:00:00","3","0","3"
"2024-11-09","09:30:00","0","12","-12"
"2024-11-09","10:00:00","62","141","-79"
"2024-11-09","10:30:00","83","52","31"
"2024-11-09","11:00:00","74","63","11"
"2024-11-09","11:30:00","52","99","-47"
"2024-11-09","12:00:00","111","94","17"
"2024-11-09","12:30:00","83","58","25"
"2024-11-09","13:00:00","68","58","10"
"2024-11-09","13:30:00","41","67","-26"
"2024-11-09","14:00:00","71","54","17"
"2024-11-09","14:30:00","106","107","-1"
"2024-11-09","15:00:00","127","104","23"
"2024-11-09","15:30:00","62","86","-24"
"2024-11-09","16:00:00","87","117","-30"
"2024-11-09","16:30:00","110","65","45"
"2024-11-09","17:00:00","108","6","102"
"2024-11-10","09:30:00","0","147","-147"
"2024-11-10","10:00:00","275","189","86"
"2024-11-10","10:30:00","204","188","16"
"2024-11-10","11:00:00","240","216","24"
"2024-11-10","11:30:00","247","337","-90"
"2024-11-10","12:00:00","189","196","-7"
"2024-11-10","12:30:00","239","231","8"
"2024-11-10","13:00:00","199","144","55"
"2024-11-10","13:30:00","197","89","108"
"2024-11-10","14:00:00","258","58","200"
"2024-11-10","14:30:00","189","131","58"
"2024-11-10","15:00:00","283","419","-136"
"2024-11-10","15:30:00","294","483","-189"
"2024-11-10","16:00:00","330","271","59"
"2024-11-10","16:30:00","581","224","357"
"2024-11-10","17:00:00","722","38","684"
"2024-11-10","19:00:00","500","0","500"
"2024-11-10","19:30:00","500","0","500"
"2024-11-11","11:00:00","3","0","3"
"2024-11-12","09:30:00","0","109","-109"
"2024-11-12","10:00:00","340","201","139"
"2024-11-12","10:30:00","252","136","116"
"2024-11-12","11:00:00","211","217","-6"
"2024-11-12","11:30:00","193","140","53"
"2024-11-12","12:00:00","172","103","69"
"2024-11-12","12:30:00","83","112","-29"
"2024-11-12","13:00:00","174","170","4"
"2024-11-12","13:30:00","149","151","-2"
"2024-11-12","14:00:00","252","170","82"
"2024-11-12","14:30:00","268","228","40"
"2024-11-12","15:00:00","313","145","168"
"2024-11-12","15:30:00","224","186","38"
"2024-11-12","16:00:00","233","164","69"
"2024-11-12","16:30:00","220","131","89"
"2024-11-12","17:00:00","194","83","111"
"2024-11-12","17:30:00","147","111","36"
"2024-11-12","18:00:00","177","95","82"
"2024-11-12","18:30:00","119","100","19"
"2024-11-12","19:00:00","193","23","170"
"2024-11-13","10:00:00","6","30","-24"
"2024-11-13","10:30:00","93","36","57"
"2024-11-13","11:00:00","45","41","4"
"2024-11-13","11:30:00","96","30","66"
"2024-11-13","12:00:00","31","28","3"
"2024-11-13","12:30:00","27","29","-2"
"2024-11-13","13:00:00","29","24","5"
"2024-11-13","13:30:00","28","25","3"
"2024-11-13","14:00:00","30","34","-4"
"2024-11-13","14:30:00","95","37","58"
"2024-11-13","15:00:00","53","39","14"
"2024-11-13","15:30:00","30","46","-16"
"2024-11-13","16:00:00","51","31","20"
"2024-11-13","16:30:00","35","18","17"
"2024-11-13","17:00:00","20","3","17"
"2024-11-13","19:00:00","1","0","1"
"2024-11-14","09:30:00","0","24","-24"
"2024-11-14","10:00:00","24","87","-63"
"2024-11-14","10:30:00","71","57","14"
"2024-11-14","11:00:00","68","56","12"
"2024-11-14","11:30:00","55","54","1"
"2024-11-14","12:00:00","58","39","19"
"2024-11-14","12:30:00","46","39","7"
"2024-11-14","13:00:00","50","28","22"
"2024-11-14","13:30:00","25","28","-3"
"2024-11-14","14:00:00","37","44","-7"
"2024-11-14","14:30:00","60","64","-4"
"2024-11-14","15:00:00","63","69","-6"
"2024-11-14","15:30:00","48","54","-6"
"2024-11-14","16:00:00","59","76","-17"
"2024-11-14","16:30:00","53","59","-6"
"2024-11-14","17:00:00","79","5","74"
"2024-11-15","09:30:00","0","22","-22"
"2024-11-15","10:00:00","178","247","-69"
"2024-11-15","10:30:00","168","147","21"
"2024-11-15","11:00:00","173","154","19"
"2024-11-15","11:30:00","174","173","1"
"2024-11-15","12:00:00","148","105","43"
"2024-11-15","12:30:00","99","138","-39"
"2024-11-15","13:00:00","152","121","31"
"2024-11-15","13:30:00","129","108","21"
"2024-11-15","14:00:00","138","128","10"
"2024-11-15","14:30:00","138","127","11"
"2024-11-15","15:00:00","169","139","30"
"2024-11-15","15:30:00","199","158","41"
"2024-11-15","16:00:00","154","154","0"
"2024-11-15","16:30:00","143","154","-11"
"2024-11-15","17:00:00","162","28","134"
"2024-11-15","19:00:00","8","0","8"
"2024-11-16","09:30:00","0","28","-28"
"2024-11-16","10:00:00","142","200","-58"
"2024-11-16","10:30:00","167","175","-8"
"2024-11-16","11:00:00","187","176","11"
"2024-11-16","11:30:00","159","182","-23"
"2024-11-16","12:00:00","186","159","27"
"2024-11-16","12:30:00","151","113","38"
"2024-11-16","13:00:00","126","118","8"
"2024-11-16","13:30:00","132","163","-31"
"2024-11-16","14:00:00","188","133","55"
"2024-11-16","14:30:00","189","189","0"
"2024-11-16","15:00:00","199","171","28"
"2024-11-16","15:30:00","171","164","7"
"2024-11-16","16:00:00","180","181","-1"
"2024-11-16","16:30:00","160","103","57"
"2024-11-16","17:00:00","135","11","124"
"2024-11-17","09:30:00","0","50","-50"
"2024-11-17","10:00:00","181","241","-60"
"2024-11-17","10:30:00","229","283","-54"
"2024-11-17","11:00:00","246","169","77"
"2024-11-17","11:30:00","170","152","18"
"2024-11-17","12:00:00","163","147","16"
"2024-11-17","12:30:00","139","130","9"
"2024-11-17","13:00:00","174","157","17"
"2024-11-17","13:30:00","150","171","-21"
"2024-11-17","14:00:00","184","153","31"
"2024-11-17","14:30:00","168","142","26"
"2024-11-17","15:00:00","135","135","0"
"2024-11-17","15:30:00","126","159","-33"
"2024-11-17","16:00:00","169","145","24"
"2024-11-17","16:30:00","137","118","19"
"2024-11-17","17:00:00","150","18","132"
"2024-11-17","19:00:00","3","0","3"
"2024-11-19","09:30:00","0","115","-115"
"2024-11-19","10:00:00","485","167","318"
"2024-11-19","10:30:00","343","196","147"
"2024-11-19","11:00:00","332","152","180"
"2024-11-19","11:30:00","228","164","64"
"2024-11-19","12:00:00","206","104","102"
"2024-11-19","12:30:00","131","255","-124"
"2024-11-19","13:00:00","230","140","90"
"2024-11-19","13:30:00","222","142","80"
"2024-11-19","14:00:00","356","164","192"
"2024-11-19","14:30:00","267","204","63"
"2024-11-19","15:00:00","361","236","125"
"2024-11-19","15:30:00","294","210","84"
"2024-11-19","16:00:00","279","211","68"
"2024-11-19","16:30:00","270","164","106"
"2024-11-19","17:00:00","275","185","90"
"2024-11-19","17:30:00","185","108","77"
"2024-11-19","18:00:00","196","118","78"
"2024-11-19","18:30:00","180","118","62"
"2024-11-19","19:00:00","251","47","204"
"2024-11-20","09:00:00","0","30","-30"
"2024-11-20","09:30:00","0","52","-52"
"2024-11-20","10:00:00","278","193","85"
"2024-11-20","10:30:00","181","248","-67"
"2024-11-20","11:00:00","290","122","168"
"2024-11-20","11:30:00","182","180","2"
"2024-11-20","12:00:00","218","145","73"
"2024-11-20","12:30:00","192","209","-17"
"2024-11-20","13:00:00","223","83","140"
"2024-11-20","13:30:00","144","121","23"
"2024-11-20","14:00:00","289","246","43"
"2024-11-20","14:30:00","288","198","90"
"2024-11-20","15:00:00","365","155","210"
"2024-11-20","15:30:00","284","128","156"
"2024-11-20","16:00:00","281","205","76"
"2024-11-20","16:30:00","251","167","84"
"2024-11-20","17:00:00","307","51","256"
"2024-11-21","10:00:00","15","58","-43"
"2024-11-21","10:30:00","48","65","-17"
"2024-11-21","11:00:00","45","21","24"
"2024-11-21","11:30:00","53","27","26"
"2024-11-21","12:00:00","28","26","2"
"2024-11-21","12:30:00","29","18","11"
"2024-11-21","13:00:00","17","7","10"
"2024-11-21","13:30:00","9","14","-5"
"2024-11-21","14:00:00","16","43","-27"
"2024-11-21","14:30:00","86","37","49"
"2024-11-21","15:00:00","41","77","-36"
"2024-11-21","15:30:00","31","17","14"
"2024-11-21","16:00:00","21","21","0"
"2024-11-21","16:30:00","18","11","7"
"2024-11-21","17:00:00","19","3","16"
"2024-11-21","19:00:00","2","0","2"
"2024-11-22","10:00:00","17","76","-59"
"2024-11-22","10:30:00","76","57","19"
"2024-11-22","11:00:00","55","117","-62"
"2024-11-22","11:30:00","90","63","27"
"2024-11-22","12:00:00","78","19","59"
"2024-11-22","12:30:00","33","29","4"
"2024-11-22","13:00:00","36","43","-7"
"2024-11-22","13:30:00","47","38","9"
"2024-11-22","14:00:00","36","38","-2"
"2024-11-22","14:30:00","47","48","-1"
"2024-11-22","15:00:00","46","63","-17"
"2024-11-22","15:30:00","66","69","-3"
"2024-11-22","16:00:00","62","78","-16"
"2024-11-22","16:30:00","75","38","37"
"2024-11-22","17:00:00","63","3","60"
"2024-11-22","17:30:00","0","2","-2"
"2024-11-22","19:00:00","6","0","6"
"2024-11-23","09:30:00","0","26","-26"
"2024-11-23","10:00:00","46","106","-60"
"2024-11-23","10:30:00","100","59","41"
"2024-11-23","11:00:00","88","85","3"
"2024-11-23","11:30:00","86","63","23"
"2024-11-23","12:00:00","57","76","-19"
"2024-11-23","12:30:00","71","73","-2"
"2024-11-23","13:00:00","91","50","41"
"2024-11-23","13:30:00","58","48","10"
"2024-11-23","14:00:00","69","93","-24"
"2024-11-23","14:30:00","92","60","32"
"2024-11-23","15:00:00","79","52","27"
"2024-11-23","15:30:00","69","74","-5"
"2024-11-23","16:00:00","83","93","-10"
"2024-11-23","16:30:00","109","83","26"
"2024-11-23","17:00:00","97","4","93"
"2024-11-24","09:30:00","0","6","-6"
"2024-11-24","10:00:00","34","81","-47"
"2024-11-24","10:30:00","84","87","-3"
"2024-11-24","11:00:00","104","91","13"
"2024-11-24","11:30:00","83","58","25"
"2024-11-24","12:00:00","67","82","-15"
"2024-11-24","12:30:00","92","81","11"
"2024-11-24","13:00:00","72","64","8"
"2024-11-24","13:30:00","71","64","7"
"2024-11-24","14:00:00","97","60","37"
"2024-11-24","14:30:00","55","57","-2"
"2024-11-24","15:00:00","79","84","-5"
"2024-11-24","15:30:00","98","69","29"
"2024-11-24","16:00:00","75","91","-16"
"2024-11-24","16:30:00","83","37","46"
"2024-11-24","17:00:00","56","10","46"
"2024-11-26","09:30:00","0","107","-107"
"2024-11-26","10:00:00","305","182","123"
"2024-11-26","10:30:00","186","193","-7"
"2024-11-26","11:00:00","207","115","92"
"2024-11-26","11:30:00","163","184","-21"
"2024-11-26","12:00:00","162","84","78"
"2024-11-26","12:30:00","94","69","25"
"2024-11-26","13:00:00","150","102","48"
"2024-11-26","13:30:00","173","219","-46"
"2024-11-26","14:00:00","290","174","116"
"2024-11-26","14:30:00","223","130","93"
"2024-11-26","15:00:00","245","163","82"
"2024-11-26","15:30:00","181","150","31"
"2024-11-26","16:00:00","218","185","33"
"2024-11-26","16:30:00","159","95","64"
"2024-11-26","17:00:00","176","82","94"
"2024-11-26","17:30:00","136","94","42"
"2024-11-26","18:00:00","188","136","52"
"2024-11-26","18:30:00","187","122","65"
"2024-11-26","19:00:00","204","20","184"
"2024-11-27","10:00:00","17","56","-39"
"2024-11-27","10:30:00","43","28","15"
"2024-11-27","11:00:00","29","86","-57"
"2024-11-27","11:30:00","132","30","102"
"2024-11-27","12:00:00","31","25","6"
"2024-11-27","12:30:00","23","12","11"
"2024-11-27","13:00:00","13","17","-4"
"2024-11-27","13:30:00","19","51","-32"
"2024-11-27","14:00:00","33","19","14"
"2024-11-27","14:30:00","39","39","0"
"2024-11-27","15:00:00","34","34","0"
"2024-11-27","15:30:00","45","27","18"
"2024-11-27","16:00:00","30","15","15"
"2024-11-27","16:30:00","18","39","-21"
"2024-11-27","17:00:00","46","6","40"
"2024-11-28","10:00:00","45","65","-20"
"2024-11-28","10:30:00","39","25","14"
"2024-11-28","11:00:00","29","53","-24"
"2024-11-28","11:30:00","45","33","12"
"2024-11-28","12:00:00","41","38","3"
"2024-11-28","12:30:00","42","28","14"
"2024-11-28","13:00:00","31","27","4"
"2024-11-28","13:30:00","26","27","-1"
"2024-11-28","14:00:00","29","38","-9"
"2024-11-28","14:30:00","35","41","-6"
"2024-11-28","15:00:00","45","42","3"
"2024-11-28","15:30:00","74","27","47"
"2024-11-28","16:00:00","31","31","0"
"2024-11-28","16:30:00","33","28","5"
"2024-11-28","17:00:00","31","23","8"
"2024-11-28","18:00:00","0","1","-1"
"2024-11-28","18:30:00","350","22","328"
"2024-11-28","19:00:00","3","39","-36"
"2024-11-28","19:30:00","0","42","-42"
"2024-11-28","20:00:00","0","14","-14"
"2024-11-28","20:30:00","0","4","-4"
"2024-11-29","09:30:00","0","14","-14"
"2024-11-29","10:00:00","51","97","-46"
"2024-11-29","10:30:00","113","72","41"
"2024-11-29","11:00:00","48","57","-9"
"2024-11-29","11:30:00","84","43","41"
"2024-11-29","12:00:00","38","24","14"
"2024-11-29","12:30:00","29","48","-19"
"2024-11-29","13:00:00","47","43","4"
"2024-11-29","13:30:00","43","32","11"
"2024-11-29","14:00:00","28","28","0"
"2024-11-29","14:30:00","26","51","-25"
"2024-11-29","15:00:00","74","42","32"
"2024-11-29","15:30:00","52","43","9"
"2024-11-29","16:00:00","52","46","6"
"2024-11-29","16:30:00","59","64","-5"
"2024-11-29","17:00:00","46","13","33"
"2024-11-29","18:00:00","0","2","-2"
"2024-11-29","18:30:00","350","18","332"
"2024-11-29","19:00:00","0","52","-52"
"2024-11-29","19:30:00","0","28","-28"
"2024-11-29","20:00:00","0","25","-25"
"2024-11-29","20:30:00","0","5","-5"
"2024-11-29","21:00:00","0","1","-1"
"2024-11-30","09:30:00","0","3","-3"
"2024-11-30","10:00:00","74","97","-23"
"2024-11-30","10:30:00","66","72","-6"
"2024-11-30","11:00:00","75","55","20"
"2024-11-30","11:30:00","45","49","-4"
"2024-11-30","12:00:00","66","44","22"
"2024-11-30","12:30:00","47","56","-9"
"2024-11-30","13:00:00","52","43","9"
"2024-11-30","13:30:00","42","53","-11"
"2024-11-30","14:00:00","79","44","35"
"2024-11-30","14:30:00","40","55","-15"
"2024-11-30","15:00:00","70","55","15"
"2024-11-30","15:30:00","75","54","21"
"2024-11-30","16:00:00","69","49","20"
"2024-11-30","16:30:00","59","41","18"
"2024-11-30","17:00:00","44","9","35"
"2024-11-30","19:00:00","8","0","8"
"2024-12-01","09:30:00","0","11","-11"
"2024-12-01","10:00:00","91","148","-57"
"2024-12-01","10:30:00","89","60","29"
"2024-12-01","11:00:00","67","100","-33"
"2024-12-01","11:30:00","97","64","33"
"2024-12-01","12:00:00","71","74","-3"
"2024-12-01","12:30:00","80","81","-1"
"2024-12-01","13:00:00","68","73","-5"
"2024-12-01","13:30:00","72","63","9"
"2024-12-01","14:00:00","87","87","0"
"2024-12-01","14:30:00","78","75","3"
"2024-12-01","15:00:00","83","79","4"
"2024-12-01","15:30:00","85","77","8"
"2024-12-01","16:00:00","78","56","22"
"2024-12-01","16:30:00","59","65","-6"
"2024-12-01","17:00:00","67","1","66"
"2024-12-01","17:30:00","0","2","-2"
"2024-12-02","11:00:00","3","0","3"
"2024-12-03","09:30:00","0","123","-123"
"2024-12-03","10:00:00","383","107","276"
"2024-12-03","10:30:00","210","91","119"
"2024-12-03","11:00:00","230","60","170"
"2024-12-03","11:30:00","180","93","87"
"2024-12-03","12:00:00","153","171","-18"
"2024-12-03","12:30:00","154","87","67"
"2024-12-03","13:00:00","140","90","50"
"2024-12-03","13:30:00","170","130","40"
"2024-12-03","14:00:00","308","143","165"
"2024-12-03","14:30:00","198","124","74"
"2024-12-03","15:00:00","341","214","127"
"2024-12-03","15:30:00","263","161","102"
"2024-12-03","16:00:00","189","103","86"
"2024-12-03","16:30:00","203","234","-31"
"2024-12-03","17:00:00","175","140","35"
"2024-12-03","17:30:00","126","109","17"
"2024-12-03","18:00:00","162","154","8"
"2024-12-03","18:30:00","159","66","93"
"2024-12-03","19:00:00","175","25","150"
"2024-12-04","10:00:00","10","23","-13"
"2024-12-04","10:30:00","18","13","5"
"2024-12-04","11:00:00","9","21","-12"
"2024-12-04","11:30:00","93","36","57"
"2024-12-04","12:00:00","18","13","5"
"2024-12-04","12:30:00","23","29","-6"
"2024-12-04","13:00:00","27","34","-7"
"2024-12-04","13:30:00","48","66","-18"
"2024-12-04","14:00:00","37","50","-13"
"2024-12-04","14:30:00","68","18","50"
"2024-12-04","15:00:00","32","46","-14"
"2024-12-04","15:30:00","24","23","1"
"2024-12-04","16:00:00","42","16","26"
"2024-12-04","16:30:00","17","22","-5"
"2024-12-04","17:00:00","34","4","30"
"2024-12-04","19:00:00","3","0","3"
"2024-12-05","09:30:00","0","89","-89"
"2024-12-05","10:00:00","269","146","123"
"2024-12-05","10:30:00","145","124","21"
"2024-12-05","11:00:00","218","163","55"
"2024-12-05","11:30:00","99","100","-1"
"2024-12-05","12:00:00","148","83","65"
"2024-12-05","12:30:00","91","86","5"
"2024-12-05","13:00:00","158","75","83"
"2024-12-05","13:30:00","123","91","32"
"2024-12-05","14:00:00","170","155","15"
"2024-12-05","14:30:00","170","127","43"
"2024-12-05","15:00:00","180","101","79"
"2024-12-05","15:30:00","155","148","7"
"2024-12-05","16:00:00","183","74","109"
"2024-12-05","16:30:00","205","144","61"
"2024-12-05","17:00:00","246","25","221"
"2024-12-06","09:30:00","0","10","-10"
"2024-12-06","10:00:00","44","60","-16"
"2024-12-06","10:30:00","51","46","5"
"2024-12-06","11:00:00","57","47","10"
"2024-12-06","11:30:00","39","39","0"
"2024-12-06","12:00:00","46","63","-17"
"2024-12-06","12:30:00","62","26","36"
"2024-12-06","13:00:00","29","37","-8"
"2024-12-06","13:30:00","42","26","16"
"2024-12-06","14:00:00","25","43","-18"
"2024-12-06","14:30:00","44","20","24"
"2024-12-06","15:00:00","20","41","-21"
"2024-12-06","15:30:00","45","38","7"
"2024-12-06","16:00:00","38","30","8"
"2024-12-06","16:30:00","32","28","4"
"2024-12-06","17:00:00","32","2","30"
"2024-12-07","09:30:00","0","1","-1"
"2024-12-07","10:00:00","67","130","-63"
"2024-12-07","10:30:00","93","101","-8"
"2024-12-07","11:00:00","96","86","10"
"2024-12-07","11:30:00","85","80","5"
"2024-12-07","12:00:00","90","75","15"
"2024-12-07","12:30:00","66","53","13"
"2024-12-07","13:00:00","73","70","3"
"2024-12-07","13:30:00","65","55","10"
"2024-12-07","14:00:00","73","40","33"
"2024-12-07","14:30:00","53","54","-1"
"2024-12-07","15:00:00","61","68","-7"
"2024-12-07","15:30:00","64","69","-5"
"2024-12-07","16:00:00","82","63","19"
"2024-12-07","16:30:00","59","59","0"
"2024-12-07","17:00:00","66","2","64"
"2024-12-07","17:30:00","0","2","-2"
"2024-12-08","09:00:00","0","24","-24"
"2024-12-08","09:30:00","0","107","-107"
"2024-12-08","10:00:00","385","208","177"
"2024-12-08","10:30:00","433","285","148"
"2024-12-08","11:00:00","411","279","132"
"2024-12-08","11:30:00","324","209","115"
"2024-12-08","12:00:00","276","345","-69"
"2024-12-08","12:30:00","255","208","47"
"2024-12-08","13:00:00","441","258","183"
"2024-12-08","13:30:00","371","266","105"
"2024-12-08","14:00:00","503","280","223"
"2024-12-08","14:30:00","468","231","237"
"2024-12-08","15:00:00","579","280","299"
"2024-12-08","15:30:00","515","236","279"
"2024-12-08","16:00:00","504","340","164"
"2024-12-08","16:30:00","467","269","198"
"2024-12-08","17:00:00","500","53","447"
"2024-12-08","19:00:00","493","0","493"
"2024-12-08","19:30:00","10","0","10"
"2024-12-10","09:30:00","0","147","-147"
"2024-12-10","10:00:00","401","135","266"
"2024-12-10","10:30:00","213","213","0"
"2024-12-10","11:00:00","230","156","74"
"2024-12-10","11:30:00","178","273","-95"
"2024-12-10","12:00:00","224","132","92"
"2024-12-10","12:30:00","147","100","47"
"2024-12-10","13:00:00","174","118","56"
"2024-12-10","13:30:00","160","128","32"
"2024-12-10","14:00:00","253","196","57"
"2024-12-10","14:30:00","283","344","-61"
"2024-12-10","15:00:00","325","140","185"
"2024-12-10","15:30:00","271","172","99"
"2024-12-10","16:00:00","255","112","143"
"2024-12-10","16:30:00","200","112","88"
"2024-12-10","17:00:00","163","65","98"
"2024-12-10","17:30:00","118","126","-8"
"2024-12-10","18:00:00","139","81","58"
"2024-12-10","18:30:00","133","90","43"
"2024-12-10","19:00:00","216","9","207"
"2024-12-11","09:30:00","0","2","-2"
"2024-12-11","10:00:00","20","35","-15"
"2024-12-11","10:30:00","13","27","-14"
"2024-12-11","11:00:00","36","32","4"
"2024-12-11","11:30:00","21","15","6"
"2024-12-11","12:00:00","25","26","-1"
"2024-12-11","12:30:00","22","23","-1"
"2024-12-11","13:00:00","23","42","-19"
"2024-12-11","13:30:00","21","29","-8"
"2024-12-11","14:00:00","31","29","2"
"2024-12-11","14:30:00","49","37","12"
"2024-12-11","15:00:00","53","27","26"
"2024-12-11","15:30:00","21","29","-8"
"2024-12-11","16:00:00","33","21","12"
"2024-12-11","16:30:00","17","9","8"
"2024-12-11","17:00:00","23","0","23"
"2024-12-12","09:30:00","0","14","-14"
"2024-12-12","10:00:00","23","45","-22"
"2024-12-12","10:30:00","36","28","8"
"2024-12-12","11:00:00","33","24","9"
"2024-12-12","11:30:00","19","27","-8"
"2024-12-12","12:00:00","17","42","-25"
"2024-12-12","12:30:00","29","18","11"
"2024-12-12","13:00:00","33","22","11"
"2024-12-12","13:30:00","27","31","-4"
"2024-12-12","14:00:00","24","21","3"
"2024-12-12","14:30:00","23","33","-10"
"2024-12-12","15:00:00","26","25","1"
"2024-12-12","15:30:00","28","21","7"
"2024-12-12","16:00:00","19","20","-1"
"2024-12-12","16:30:00","35","13","22"
"2024-12-12","17:00:00","11","4","7"
"2024-12-12","19:00:00","4","0","4"
"2024-12-12","19:30:00","0","30","-30"
"2024-12-12","20:00:00","715","200","515"
"2024-12-12","20:30:00","0","120","-120"
"2024-12-12","21:00:00","393","124","269"
"2024-12-12","21:30:00","0","40","-40"
"2024-12-12","22:00:00","309","12","297"
"2024-12-13","09:30:00","0","17","-17"
"2024-12-13","10:00:00","24","99","-75"
"2024-12-13","10:30:00","110","64","46"
"2024-12-13","11:00:00","108","68","40"
"2024-12-13","11:30:00","65","68","-3"
"2024-12-13","12:00:00","71","45","26"
"2024-12-13","12:30:00","38","32","6"
"2024-12-13","13:00:00","27","40","-13"
"2024-12-13","13:30:00","44","21","23"
"2024-12-13","14:00:00","22","44","-22"
"2024-12-13","14:30:00","51","58","-7"
"2024-12-13","15:00:00","64","65","-1"
"2024-12-13","15:30:00","68","70","-2"
"2024-12-13","16:00:00","69","83","-14"
"2024-12-13","16:30:00","79","66","13"
"2024-12-13","17:00:00","78","4","74"
"2024-12-14","09:30:00","0","17","-17"
"2024-12-14","10:00:00","59","142","-83"
"2024-12-14","10:30:00","77","107","-30"
"2024-12-14","11:00:00","132","95","37"
"2024-12-14","11:30:00","85","78","7"
"2024-12-14","12:00:00","93","88","5"
"2024-12-14","12:30:00","83","55","28"
"2024-12-14","13:00:00","78","61","17"
"2024-12-14","13:30:00","47","70","-23"
"2024-12-14","14:00:00","79","59","20"
"2024-12-14","14:30:00","88","75","13"
"2024-12-14","15:00:00","115","76","39"
"2024-12-14","15:30:00","39","72","-33"
"2024-12-14","16:00:00","87","86","1"
"2024-12-14","16:30:00","80","51","29"
"2024-12-14","17:00:00","76","5","71"
"2024-12-14","19:00:00","5","0","5"
"2024-12-15","09:30:00","0","14","-14"
"2024-12-15","10:00:00","59","152","-93"
"2024-12-15","10:30:00","80","107","-27"
"2024-12-15","11:00:00","126","106","20"
"2024-12-15","11:30:00","96","99","-3"
"2024-12-15","12:00:00","105","86","19"
"2024-12-15","12:30:00","76","108","-32"
"2024-12-15","13:00:00","110","74","36"
"2024-12-15","13:30:00","91","79","12"
"2024-12-15","14:00:00","93","104","-11"
"2024-12-15","14:30:00","125","101","24"
"2024-12-15","15:00:00","116","85","31"
"2024-12-15","15:30:00","52","101","-49"
"2024-12-15","16:00:00","102","62","40"
"2024-12-15","16:30:00","81","59","22"
"2024-12-15","17:00:00","75","0","75"
"2024-12-16","10:00:00","3","0","3"
"2024-12-17","09:30:00","0","101","-101"
"2024-12-17","10:00:00","472","230","242"
"2024-12-17","10:30:00","354","327","27"
"2024-12-17","11:00:00","408","254","154"
"2024-12-17","11:30:00","290","251","39"
"2024-12-17","12:00:00","225","163","62"
"2024-12-17","12:30:00","168","186","-18"
"2024-12-17","13:00:00","274","172","102"
"2024-12-17","13:30:00","264","176","88"
"2024-12-17","14:00:00","366","183","183"
"2024-12-17","14:30:00","376","234","142"
"2024-12-17","15:00:00","422","191","231"
"2024-12-17","15:30:00","321","182","139"
"2024-12-17","16:00:00","383","216","167"
"2024-12-17","16:30:00","250","253","-3"
"2024-12-17","17:00:00","301","220","81"
"2024-12-17","17:30:00","228","142","86"
"2024-12-17","18:00:00","250","145","105"
"2024-12-17","18:30:00","220","147","73"
"2024-12-17","19:00:00","320","57","263"
"2024-12-18","09:30:00","0","5","-5"
"2024-12-18","10:00:00","21","58","-37"
"2024-12-18","10:30:00","55","42","13"
"2024-12-18","11:00:00","47","57","-10"
"2024-12-18","11:30:00","43","37","6"
"2024-12-18","12:00:00","38","36","2"
"2024-12-18","12:30:00","38","30","8"
"2024-12-18","13:00:00","29","30","-1"
"2024-12-18","13:30:00","32","20","12"
"2024-12-18","14:00:00","24","37","-13"
"2024-12-18","14:30:00","35","50","-15"
"2024-12-18","15:00:00","64","47","17"
"2024-12-18","15:30:00","46","34","12"
"2024-12-18","16:00:00","30","42","-12"
"2024-12-18","16:30:00","43","23","20"
"2024-12-18","17:00:00","27","4","23"
"2024-12-19","10:00:00","19","58","-39"
"2024-12-19","10:30:00","53","64","-11"
"2024-12-19","11:00:00","56","49","7"
"2024-12-19","11:30:00","64","60","4"
"2024-12-19","12:00:00","51","37","14"
"2024-12-19","12:30:00","37","24","13"
"2024-12-19","13:00:00","19","14","5"
"2024-12-19","13:30:00","8","32","-24"
"2024-12-19","14:00:00","26","38","-12"
"2024-12-19","14:30:00","55","38","17"
"2024-12-19","15:00:00","36","47","-11"
"2024-12-19","15:30:00","29","46","-17"
"2024-12-19","16:00:00","53","54","-1"
"2024-12-19","16:30:00","60","27","33"
"2024-12-19","17:00:00","47","4","43"
"2024-12-20","10:00:00","53","74","-21"
"2024-12-20","10:30:00","49","59","-10"
"2024-12-20","11:00:00","55","60","-5"
"2024-12-20","11:30:00","50","33","17"
"2024-12-20","12:00:00","53","35","18"
"2024-12-20","12:30:00","14","30","-16"
"2024-12-20","13:00:00","40","36","4"
"2024-12-20","13:30:00","59","34","25"
"2024-12-20","14:00:00","38","40","-2"
"2024-12-20","14:30:00","33","57","-24"
"2024-12-20","15:00:00","51","55","-4"
"2024-12-20","15:30:00","47","52","-5"
"2024-12-20","16:00:00","42","37","5"
"2024-12-20","16:30:00","53","32","21"
"2024-12-20","17:00:00","55","12","43"
"2024-12-20","19:00:00","3","0","3"
"2024-12-20","19:30:00","1","0","1"
"2024-12-21","09:30:00","0","10","-10"
"2024-12-21","10:00:00","29","45","-16"
"2024-12-21","10:30:00","16","59","-43"
"2024-12-21","11:00:00","65","77","-12"
"2024-12-21","11:30:00","67","58","9"
"2024-12-21","12:00:00","70","70","0"
"2024-12-21","12:30:00","89","51","38"
"2024-12-21","13:00:00","51","43","8"
"2024-12-21","13:30:00","32","49","-17"
"2024-12-21","14:00:00","40","68","-28"
"2024-12-21","14:30:00","67","72","-5"
"2024-12-21","15:00:00","66","35","31"
"2024-12-21","15:30:00","75","58","17"
"2024-12-21","16:00:00","50","58","-8"
"2024-12-21","16:30:00","57","53","4"
"2024-12-21","17:00:00","92","10","82"
"2024-12-22","09:30:00","0","10","-10"
"2024-12-22","10:00:00","31","80","-49"
"2024-12-22","10:30:00","37","81","-44"
"2024-12-22","11:00:00","88","95","-7"
"2024-12-22","11:30:00","100","100","0"
"2024-12-22","12:00:00","84","93","-9"
"2024-12-22","12:30:00","97","89","8"
"2024-12-22","13:00:00","88","67","21"
"2024-12-22","13:30:00","100","78","22"
"2024-12-22","14:00:00","70","67","3"
"2024-12-22","14:30:00","42","93","-51"
"2024-12-22","15:00:00","117","91","26"
"2024-12-22","15:30:00","82","88","-6"
"2024-12-22","16:00:00","88","82","6"
"2024-12-22","16:30:00","93","109","-16"
"2024-12-22","17:00:00","135","5","130"
"2024-12-25","10:00:00","2","0","2"
"2024-12-26","09:30:00","0","34","-34"
"2024-12-26","10:00:00","70","126","-56"
"2024-12-26","10:30:00","120","105","15"
"2024-12-26","11:00:00","110","125","-15"
"2024-12-26","11:30:00","120","81","39"
"2024-12-26","12:00:00","93","91","2"
"2024-12-26","12:30:00","82","83","-1"
"2024-12-26","13:00:00","91","104","-13"
"2024-12-26","13:30:00","100","68","32"
"2024-12-26","14:00:00","87","106","-19"
"2024-12-26","14:30:00","104","109","-5"
"2024-12-26","15:00:00","111","89","22"
"2024-12-26","15:30:00","93","98","-5"
"2024-12-26","16:00:00","95","87","8"
"2024-12-26","16:30:00","89","82","7"
"2024-12-26","17:00:00","82","6","76"
"2024-12-26","19:00:00","4","0","4"
"2024-12-27","09:30:00","0","15","-15"
"2024-12-27","10:00:00","40","115","-75"
"2024-12-27","10:30:00","75","119","-44"
"2024-12-27","11:00:00","118","103","15"
"2024-12-27","11:30:00","107","77","30"
"2024-12-27","12:00:00","84","86","-2"
"2024-12-27","12:30:00","70","86","-16"
"2024-12-27","13:00:00","100","71","29"
"2024-12-27","13:30:00","90","102","-12"
"2024-12-27","14:00:00","106","107","-1"
"2024-12-27","14:30:00","81","95","-14"
"2024-12-27","15:00:00","94","138","-44"
"2024-12-27","15:30:00","151","71","80"
"2024-12-27","16:00:00","83","74","9"
"2024-12-27","16:30:00","77","92","-15"
"2024-12-27","17:00:00","112","18","94"
"2024-12-27","19:00:00","9","0","9"
"2024-12-28","09:30:00","0","13","-13"
"2024-12-28","10:00:00","48","103","-55"
"2024-12-28","10:30:00","80","101","-21"
"2024-12-28","11:00:00","113","65","48"
"2024-12-28","11:30:00","52","71","-19"
"2024-12-28","12:00:00","83","96","-13"
"2024-12-28","12:30:00","83","66","17"
"2024-12-28","13:00:00","68","82","-14"
"2024-12-28","13:30:00","72","76","-4"
"2024-12-28","14:00:00","88","96","-8"
"2024-12-28","14:30:00","102","94","8"
"2024-12-28","15:00:00","107","107","0"
"2024-12-28","15:30:00","99","104","-5"
"2024-12-28","16:00:00","119","87","32"
"2024-12-28","16:30:00","75","59","16"
"2024-12-28","17:00:00","75","5","70"
"2024-12-28","19:00:00","2","0","2"
"2024-12-29","09:30:00","0","22","-22"
"2024-12-29","10:00:00","62","177","-115"
"2024-12-29","10:30:00","146","139","7"
"2024-12-29","11:00:00","156","159","-3"
"2024-12-29","11:30:00","148","127","21"
"2024-12-29","12:00:00","140","111","29"
"2024-12-29","12:30:00","97","101","-4"
"2024-12-29","13:00:00","119","132","-13"
"2024-12-29","13:30:00","123","107","16"
"2024-12-29","14:00:00","128","123","5"
"2024-12-29","14:30:00","100","113","-13"
"2024-12-29","15:00:00","122","109","13"
"2024-12-29","15:30:00","102","115","-13"
"2024-12-29","16:00:00","120","129","-9"
"2024-12-29","16:30:00","111","120","-9"
"2024-12-29","17:00:00","138","8","130"
"2024-12-29","19:00:00","9","0","9"
"2025-01-01","10:00:00","2","0","2"
"2025-01-01","10:30:00","1","0","1"
"2025-01-02","09:30:00","0","44","-44"
"2025-01-02","10:00:00","104","122","-18"
"2025-01-02","10:30:00","69","130","-61"
"2025-01-02","11:00:00","132","124","8"
"2025-01-02","11:30:00","130","111","19"
"2025-01-02","12:00:00","111","97","14"
"2025-01-02","12:30:00","85","70","15"
"2025-01-02","13:00:00","87","61","26"
"2025-01-02","13:30:00","91","82","9"
"2025-01-02","14:00:00","76","108","-32"
"2025-01-02","14:30:00","111","121","-10"
"2025-01-02","15:00:00","129","147","-18"
"2025-01-02","15:30:00","114","114","0"
"2025-01-02","16:00:00","126","102","24"
"2025-01-02","16:30:00","104","141","-37"
"2025-01-02","17:00:00","180","9","171"
"2025-01-03","09:30:00","0","18","-18"
"2025-01-03","10:00:00","32","120","-88"
"2025-01-03","10:30:00","116","85","31"
"2025-01-03","11:00:00","8","109","-101"
"2025-01-03","11:30:00","187","104","83"
"2025-01-03","12:00:00","102","102","0"
"2025-01-03","12:30:00","104","79","25"
"2025-01-03","13:00:00","80","103","-23"
"2025-01-03","13:30:00","97","96","1"
"2025-01-03","14:00:00","97","99","-2"
"2025-01-03","14:30:00","96","96","0"
"2025-01-03","15:00:00","115","89","26"
"2025-01-03","15:30:00","3","108","-105"
"2025-01-03","16:00:00","186","88","98"
"2025-01-03","16:30:00","96","59","37"
"2025-01-03","17:00:00","58","2","56"
"2025-01-03","18:00:00","11","0","11"
"2025-01-03","19:30:00","2","0","2"
"2025-01-03","20:00:00","4","0","4"
"2025-01-04","09:30:00","0","7","-7"
"2025-01-04","10:00:00","29","76","-47"
"2025-01-04","10:30:00","74","59","15"
"2025-01-04","11:00:00","63","95","-32"
"2025-01-04","11:30:00","85","71","14"
"2025-01-04","12:00:00","60","97","-37"
"2025-01-04","12:30:00","100","60","40"
"2025-01-04","13:00:00","57","70","-13"
"2025-01-04","13:30:00","87","72","15"
"2025-01-04","14:00:00","67","110","-43"
"2025-01-04","14:30:00","102","86","16"
"2025-01-04","15:00:00","89","90","-1"
"2025-01-04","15:30:00","68","77","-9"
"2025-01-04","16:00:00","85","94","-9"
"2025-01-04","16:30:00","94","69","25"
"2025-01-04","17:00:00","88","3","85"
"2025-01-05","09:30:00","0","14","-14"
"2025-01-05","10:00:00","32","115","-83"
"2025-01-05","10:30:00","133","139","-6"
"2025-01-05","11:00:00","123","122","1"
"2025-01-05","11:30:00","117","99","18"
"2025-01-05","12:00:00","83","83","0"
"2025-01-05","12:30:00","92","60","32"
"2025-01-05","13:00:00","58","93","-35"
"2025-01-05","13:30:00","98","66","32"
"2025-01-05","14:00:00","71","115","-44"
"2025-01-05","14:30:00","102","109","-7"
"2025-01-05","15:00:00","110","123","-13"
"2025-01-05","15:30:00","123","84","39"
"2025-01-05","16:00:00","104","111","-7"
"2025-01-05","16:30:00","99","80","19"
"2025-01-05","17:00:00","84","2","82"
"2025-01-05","18:00:00","2","0","2"
"2025-01-06","11:30:00","1","0","1"
"2025-01-06","14:00:00","1","0","1"
"2025-01-07","09:30:00","0","151","-151"
"2025-01-07","10:00:00","608","402","206"
"2025-01-07","10:30:00","559","373","186"
"2025-01-07","11:00:00","646","358","288"
"2025-01-07","11:30:00","504","325","179"
"2025-01-07","12:00:00","492","377","115"
"2025-01-07","12:30:00","442","337","105"
"2025-01-07","13:00:00","466","250","216"
"2025-01-07","13:30:00","396","257","139"
"2025-01-07","14:00:00","623","324","299"
"2025-01-07","14:30:00","535","351","184"
"2025-01-07","15:00:00","648","204","444"
"2025-01-07","15:30:00","535","223","312"
"2025-01-07","16:00:00","461","247","214"
"2025-01-07","16:30:00","493","272","221"
"2025-01-07","17:00:00","494","253","241"
"2025-01-07","17:30:00","324","243","81"
"2025-01-07","18:00:00","347","242","105"
"2025-01-07","18:30:00","387","233","154"
"2025-01-07","19:00:00","483","72","411"
"2025-01-07","19:30:00","20","0","20"
"2025-01-08","09:30:00","0","30","-30"
"2025-01-08","10:00:00","41","73","-32"
"2025-01-08","10:30:00","55","67","-12"
"2025-01-08","11:00:00","77","61","16"
"2025-01-08","11:30:00","58","37","21"
"2025-01-08","12:00:00","37","53","-16"
"2025-01-08","12:30:00","55","58","-3"
"2025-01-08","13:00:00","54","55","-1"
"2025-01-08","13:30:00","57","38","19"
"2025-01-08","14:00:00","43","79","-36"
"2025-01-08","14:30:00","73","53","20"
"2025-01-08","15:00:00","53","80","-27"
"2025-01-08","15:30:00","82","64","18"
"2025-01-08","16:00:00","70","72","-2"
"2025-01-08","16:30:00","68","50","18"
"2025-01-08","17:00:00","52","3","49"
"2025-01-09","09:30:00","0","15","-15"
"2025-01-09","10:00:00","33","78","-45"
"2025-01-09","10:30:00","74","71","3"
"2025-01-09","11:00:00","64","74","-10"
"2025-01-09","11:30:00","75","62","13"
"2025-01-09","12:00:00","31","58","-27"
"2025-01-09","12:30:00","62","39","23"
"2025-01-09","13:00:00","41","77","-36"
"2025-01-09","13:30:00","82","54","28"
"2025-01-09","14:00:00","66","62","4"
"2025-01-09","14:30:00","77","64","13"
"2025-01-09","15:00:00","63","99","-36"
"2025-01-09","15:30:00","85","96","-11"
"2025-01-09","16:00:00","79","66","13"
"2025-01-09","16:30:00","72","42","30"
"2025-01-09","17:00:00","71","4","67"
"2025-01-09","17:30:00","4","0","4"
"2025-01-10","09:30:00","0","12","-12"
"2025-01-10","10:00:00","54","101","-47"
"2025-01-10","10:30:00","69","80","-11"
"2025-01-10","11:00:00","83","49","34"
"2025-01-10","11:30:00","49","82","-33"
"2025-01-10","12:00:00","73","51","22"
"2025-01-10","12:30:00","53","38","15"
"2025-01-10","13:00:00","45","64","-19"
"2025-01-10","13:30:00","64","58","6"
"2025-01-10","14:00:00","59","75","-16"
"2025-01-10","14:30:00","72","82","-10"
"2025-01-10","15:00:00","88","62","26"
"2025-01-10","15:30:00","67","68","-1"
"2025-01-10","16:00:00","62","42","20"
"2025-01-10","16:30:00","47","61","-14"
"2025-01-10","17:00:00","59","8","51"
"2025-01-10","17:30:00","13","107","-94"
"2025-01-10","18:00:00","670","338","332"
"2025-01-10","18:30:00","650","353","297"
"2025-01-10","19:00:00","656","342","314"
"2025-01-10","19:30:00","659","363","296"
"2025-01-10","20:00:00","658","242","416"
"2025-01-11","09:30:00","0","21","-21"
"2025-01-11","10:00:00","39","65","-26"
"2025-01-11","10:30:00","49","80","-31"
"2025-01-11","11:00:00","79","80","-1"
"2025-01-11","11:30:00","82","73","9"
"2025-01-11","12:00:00","66","61","5"
"2025-01-11","12:30:00","55","71","-16"
"2025-01-11","13:00:00","79","43","36"
"2025-01-11","13:30:00","39","47","-8"
"2025-01-11","14:00:00","71","88","-17"
"2025-01-11","14:30:00","79","105","-26"
"2025-01-11","15:00:00","132","128","4"
"2025-01-11","15:30:00","102","85","17"
"2025-01-11","16:00:00","88","60","28"
"2025-01-11","16:30:00","65","60","5"
"2025-01-11","17:00:00","59","3","56"
"2025-01-12","09:30:00","0","41","-41"
"2025-01-12","10:00:00","62","122","-60"
"2025-01-12","10:30:00","111","108","3"
"2025-01-12","11:00:00","112","130","-18"
"2025-01-12","11:30:00","123","82","41"
"2025-01-12","12:00:00","104","108","-4"
"2025-01-12","12:30:00","84","110","-26"
"2025-01-12","13:00:00","121","90","31"
"2025-01-12","13:30:00","81","81","0"
"2025-01-12","14:00:00","88","85","3"
"2025-01-12","14:30:00","91","86","5"
"2025-01-12","15:00:00","81","102","-21"
"2025-01-12","15:30:00","108","88","20"
"2025-01-12","16:00:00","85","82","3"
"2025-01-12","16:30:00","81","54","27"
"2025-01-12","17:00:00","67","8","59"
"2025-01-14","09:30:00","0","199","-199"
"2025-01-14","10:00:00","595","322","273"
"2025-01-14","10:30:00","508","359","149"
"2025-01-14","11:00:00","634","394","240"
"2025-01-14","11:30:00","573","352","221"
"2025-01-14","12:00:00","420","365","55"
"2025-01-14","12:30:00","376","389","-13"
"2025-01-14","13:00:00","454","232","222"
"2025-01-14","13:30:00","380","247","133"
"2025-01-14","14:00:00","637","163","474"
"2025-01-14","14:30:00","593","233","360"
"2025-01-14","15:00:00","659","299","360"
"2025-01-14","15:30:00","503","348","155"
"2025-01-14","16:00:00","552","250","302"
"2025-01-14","16:30:00","322","326","-4"
"2025-01-14","17:00:00","372","291","81"
"2025-01-14","17:30:00","316","276","40"
"2025-01-14","18:00:00","404","237","167"
"2025-01-14","18:30:00","312","210","102"
"2025-01-14","19:00:00","496","140","356"
"2025-01-15","09:30:00","0","5","-5"
"2025-01-15","10:00:00","5","62","-57"
"2025-01-15","10:30:00","66","52","14"
"2025-01-15","11:00:00","55","60","-5"
"2025-01-15","11:30:00","57","41","16"
"2025-01-15","12:00:00","36","20","16"
"2025-01-15","12:30:00","25","32","-7"
"2025-01-15","13:00:00","30","39","-9"
"2025-01-15","13:30:00","41","55","-14"
"2025-01-15","14:00:00","54","43","11"
"2025-01-15","14:30:00","44","38","6"
"2025-01-15","15:00:00","39","57","-18"
"2025-01-15","15:30:00","51","46","5"
"2025-01-15","16:00:00","51","37","14"
"2025-01-15","16:30:00","35","39","-4"
"2025-01-15","17:00:00","46","1","45"
"2025-01-16","09:30:00","0","9","-9"
"2025-01-16","10:00:00","18","67","-49"
"2025-01-16","10:30:00","66","42","24"
"2025-01-16","11:00:00","50","67","-17"
"2025-01-16","11:30:00","61","35","26"
"2025-01-16","12:00:00","35","74","-39"
"2025-01-16","12:30:00","60","28","32"
"2025-01-16","13:00:00","36","44","-8"
"2025-01-16","13:30:00","51","42","9"
"2025-01-16","14:00:00","48","43","5"
"2025-01-16","14:30:00","42","40","2"
"2025-01-16","15:00:00","39","91","-52"
"2025-01-16","15:30:00","59","50","9"
"2025-01-16","16:00:00","59","41","18"
"2025-01-16","16:30:00","51","39","12"
"2025-01-16","17:00:00","49","0","49"
"2025-01-17","09:30:00","0","2","-2"
"2025-01-17","10:00:00","26","88","-62"
"2025-01-17","10:30:00","94","69","25"
"2025-01-17","11:00:00","58","56","2"
"2025-01-17","11:30:00","41","62","-21"
"2025-01-17","12:00:00","53","5","48"
"2025-01-17","12:30:00","36","4","32"
"2025-01-17","13:00:00","5","3","2"
"2025-01-17","13:30:00","8","17","-9"
"2025-01-17","14:00:00","8","0","8"
"2025-01-17","14:30:00","1","31","-30"
"2025-01-17","15:00:00","21","44","-23"
"2025-01-17","15:30:00","42","84","-42"
"2025-01-17","16:00:00","75","57","18"
"2025-01-17","16:30:00","76","67","9"
"2025-01-17","17:00:00","152","86","66"
"2025-01-17","17:30:00","101","311","-210"
"2025-01-17","18:00:00","708","305","403"
"2025-01-17","18:30:00","696","309","387"
"2025-01-17","19:00:00","697","274","423"
"2025-01-17","19:30:00","690","275","415"
"2025-01-17","20:00:00","682","215","467"
"2025-01-18","09:30:00","0","12","-12"
"2025-01-18","10:00:00","22","66","-44"
"2025-01-18","10:30:00","67","85","-18"
"2025-01-18","11:00:00","89","80","9"
"2025-01-18","11:30:00","82","82","0"
"2025-01-18","12:00:00","77","80","-3"
"2025-01-18","12:30:00","81","55","26"
"2025-01-18","13:00:00","58","48","10"
"2025-01-18","13:30:00","41","68","-27"
"2025-01-18","14:00:00","76","42","34"
"2025-01-18","14:30:00","46","87","-41"
"2025-01-18","15:00:00","93","99","-6"
"2025-01-18","15:30:00","88","85","3"
"2025-01-18","16:00:00","91","67","24"
"2025-01-18","16:30:00","71","56","15"
"2025-01-18","17:00:00","60","5","55"
"2025-01-19","09:30:00","0","44","-44"
"2025-01-19","10:00:00","78","121","-43"
"2025-01-19","10:30:00","106","120","-14"
"2025-01-19","11:00:00","116","136","-20"
"2025-01-19","11:30:00","125","117","8"
"2025-01-19","12:00:00","123","100","23"
"2025-01-19","12:30:00","100","97","3"
"2025-01-19","13:00:00","100","100","0"
"2025-01-19","13:30:00","75","97","-22"
"2025-01-19","14:00:00","121","94","27"
"2025-01-19","14:30:00","93","76","17"
"2025-01-19","15:00:00","84","95","-11"
"2025-01-19","15:30:00","89","63","26"
"2025-01-19","16:00:00","69","84","-15"
"2025-01-19","16:30:00","79","59","20"
"2025-01-19","17:00:00","69","9","60"
"2025-01-20","10:00:00","2","0","2"
"2025-01-21","09:30:00","0","255","-255"
"2025-01-21","10:00:00","692","264","428"
"2025-01-21","10:30:00","495","271","224"
"2025-01-21","11:00:00","538","391","147"
"2025-01-21","11:30:00","428","339","89"
"2025-01-21","12:00:00","286","245","41"
"2025-01-21","12:30:00","224","200","24"
"2025-01-21","13:00:00","352","225","127"
"2025-01-21","13:30:00","297","281","16"
"2025-01-21","14:00:00","602","395","207"
"2025-01-21","14:30:00","528","239","289"
"2025-01-21","15:00:00","571","289","282"
"2025-01-21","15:30:00","380","289","91"
"2025-01-21","16:00:00","378","315","63"
"2025-01-21","16:30:00","315","303","12"
"2025-01-21","17:00:00","356","252","104"
"2025-01-21","17:30:00","286","219","67"
"2025-01-21","18:00:00","358","209","149"
"2025-01-21","18:30:00","333","188","145"
"2025-01-21","19:00:00","353","70","283"
"2025-01-22","09:30:00","0","3","-3"
"2025-01-22","10:00:00","34","46","-12"
"2025-01-22","10:30:00","33","63","-30"
"2025-01-22","11:00:00","34","48","-14"
"2025-01-22","11:30:00","46","30","16"
"2025-01-22","12:00:00","39","32","7"
"2025-01-22","12:30:00","15","16","-1"
"2025-01-22","13:00:00","30","16","14"
"2025-01-22","13:30:00","28","37","-9"
"2025-01-22","14:00:00","24","31","-7"
"2025-01-22","14:30:00","52","54","-2"
"2025-01-22","15:00:00","48","36","12"
"2025-01-22","15:30:00","27","26","1"
"2025-01-22","16:00:00","24","39","-15"
"2025-01-22","16:30:00","18","17","1"
"2025-01-22","17:00:00","51","3","48"
"2025-01-23","09:30:00","0","6","-6"
"2025-01-23","10:00:00","28","44","-16"
"2025-01-23","10:30:00","34","63","-29"
"2025-01-23","11:00:00","72","43","29"
"2025-01-23","11:30:00","35","64","-29"
"2025-01-23","12:00:00","69","41","28"
"2025-01-23","12:30:00","40","22","18"
"2025-01-23","13:00:00","21","37","-16"
"2025-01-23","13:30:00","42","20","22"
"2025-01-23","14:00:00","18","48","-30"
"2025-01-23","14:30:00","50","37","13"
"2025-01-23","15:00:00","35","29","6"
"2025-01-23","15:30:00","29","64","-35"
"2025-01-23","16:00:00","58","44","14"
"2025-01-23","16:30:00","49","46","3"
"2025-01-23","17:00:00","46","2","44"
"2025-01-24","09:30:00","0","15","-15"
"2025-01-24","10:00:00","15","75","-60"
"2025-01-24","10:30:00","61","58","3"
"2025-01-24","11:00:00","52","59","-7"
"2025-01-24","11:30:00","65","52","13"
"2025-01-24","12:00:00","57","47","10"
"2025-01-24","12:30:00","38","42","-4"
"2025-01-24","13:00:00","51","52","-1"
"2025-01-24","13:30:00","45","44","1"
"2025-01-24","14:00:00","56","49","7"
"2025-01-24","14:30:00","64","74","-10"
"2025-01-24","15:00:00","51","44","7"
"2025-01-24","15:30:00","41","29","12"
"2025-01-24","16:00:00","41","14","27"
"2025-01-24","16:30:00","17","7","10"
"2025-01-24","17:00:00","25","18","7"
"2025-01-24","17:30:00","23","218","-195"
"2025-01-24","18:00:00","979","222","757"
"2025-01-24","18:30:00","716","230","486"
"2025-01-24","19:00:00","698","189","509"
"2025-01-24","19:30:00","753","168","585"
"2025-01-24","20:00:00","567","81","486"
"2025-01-25","09:30:00","0","227","-227"
"2025-01-25","10:00:00","966","385","581"
"2025-01-25","10:30:00","400","341","59"
"2025-01-25","11:00:00","1280","352","928"
"2025-01-25","11:30:00","616","362","254"
"2025-01-25","12:00:00","671","406","265"
"2025-01-25","12:30:00","673","256","417"
"2025-01-25","13:00:00","343","231","112"
"2025-01-25","13:30:00","392","387","5"
"2025-01-25","14:00:00","997","376","621"
"2025-01-25","14:30:00","497","409","88"
"2025-01-25","15:00:00","661","331","330"
"2025-01-25","15:30:00","496","293","203"
"2025-01-25","16:00:00","568","278","290"
"2025-01-25","16:30:00","465","298","167"
"2025-01-25","17:00:00","804","378","426"
"2025-01-25","17:30:00","353","317","36"
"2025-01-25","18:00:00","471","274","197"
"2025-01-25","18:30:00","674","354","320"
"2025-01-25","19:00:00","383","334","49"
"2025-01-25","19:30:00","706","181","525"
"2025-01-25","20:00:00","527","100","427"
"2025-01-25","20:30:00","263","303","-40"
"2025-01-25","21:00:00","0","41","-41"
"2025-01-26","09:00:00","0","6","-6"
"2025-01-26","09:30:00","0","206","-206"
"2025-01-26","10:00:00","780","324","456"
"2025-01-26","10:30:00","217","258","-41"
"2025-01-26","11:00:00","708","481","227"
"2025-01-26","11:30:00","645","381","264"
"2025-01-26","12:00:00","989","272","717"
"2025-01-26","12:30:00","529","247","282"
"2025-01-26","13:00:00","382","295","87"
"2025-01-26","13:30:00","532","324","208"
"2025-01-26","14:00:00","740","298","442"
"2025-01-26","14:30:00","560","241","319"
"2025-01-26","15:00:00","872","192","680"
"2025-01-26","15:30:00","340","257","83"
"2025-01-26","16:00:00","401","279","122"
"2025-01-26","16:30:00","300","162","138"
"2025-01-26","17:00:00","692","30","662"
"2025-01-28","09:30:00","0","176","-176"
"2025-01-28","10:00:00","453","244","209"
"2025-01-28","10:30:00","276","278","-2"
"2025-01-28","11:00:00","408","363","45"
"2025-01-28","11:30:00","267","213","54"
"2025-01-28","12:00:00","235","139","96"
"2025-01-28","12:30:00","196","176","20"
"2025-01-28","13:00:00","311","169","142"
"2025-01-28","13:30:00","259","234","25"
"2025-01-28","14:00:00","354","204","150"
"2025-01-28","14:30:00","330","227","103"
"2025-01-28","15:00:00","548","211","337"
"2025-01-28","15:30:00","281","251","30"
"2025-01-28","16:00:00","367","230","137"
"2025-01-28","16:30:00","268","305","-37"
"2025-01-28","17:00:00","291","167","124"
"2025-01-28","17:30:00","239","178","61"
"2025-01-28","18:00:00","281","147","134"
"2025-01-28","18:30:00","219","154","65"
"2025-01-28","19:00:00","342","58","284"
"2025-01-29","09:30:00","0","2","-2"
"2025-01-29","10:00:00","7","24","-17"
"2025-01-29","10:30:00","22","34","-12"
"2025-01-29","11:00:00","35","29","6"
"2025-01-29","11:30:00","27","32","-5"
"2025-01-29","12:00:00","32","29","3"
"2025-01-29","12:30:00","27","24","3"
"2025-01-29","13:00:00","24","23","1"
"2025-01-29","13:30:00","21","33","-12"
"2025-01-29","14:00:00","35","29","6"
"2025-01-29","14:30:00","34","42","-8"
"2025-01-29","15:00:00","38","30","8"
"2025-01-29","15:30:00","33","33","0"
"2025-01-29","16:00:00","34","48","-14"
"2025-01-29","16:30:00","44","9","35"
"2025-01-29","17:00:00","11","0","11"
"2025-01-30","09:30:00","0","11","-11"
"2025-01-30","10:00:00","12","33","-21"
"2025-01-30","10:30:00","24","44","-20"
"2025-01-30","11:00:00","31","36","-5"
"2025-01-30","11:30:00","43","47","-4"
"2025-01-30","12:00:00","39","36","3"
"2025-01-30","12:30:00","39","39","0"
"2025-01-30","13:00:00","43","34","9"
"2025-01-30","13:30:00","37","113","-76"
"2025-01-30","14:00:00","24","36","-12"
"2025-01-30","14:30:00","47","35","12"
"2025-01-30","15:00:00","37","52","-15"
"2025-01-30","15:30:00","28","27","1"
"2025-01-30","16:00:00","42","39","3"
"2025-01-30","16:30:00","42","59","-17"
"2025-01-30","17:00:00","70","5","65"
"2025-01-30","17:30:00","1","0","1"
"2025-01-31","09:30:00","0","9","-9"
"2025-01-31","10:00:00","12","51","-39"
"2025-01-31","10:30:00","26","54","-28"
"2025-01-31","11:00:00","47","53","-6"
"2025-01-31","11:30:00","50","41","9"
"2025-01-31","12:00:00","66","39","27"
"2025-01-31","12:30:00","38","31","7"
"2025-01-31","13:00:00","40","16","24"
"2025-01-31","13:30:00","24","33","-9"
"2025-01-31","14:00:00","29","34","-5"
"2025-01-31","14:30:00","48","49","-1"
"2025-01-31","15:00:00","39","42","-3"
"2025-01-31","15:30:00","8","43","-35"
"2025-01-31","16:00:00","39","42","-3"
"2025-01-31","16:30:00","58","19","39"
"2025-01-31","17:00:00","44","34","10"
"2025-01-31","17:30:00","19","191","-172"
"2025-01-31","18:00:00","656","262","394"
"2025-01-31","18:30:00","592","441","151"
"2025-01-31","19:00:00","567","237","330"
"2025-01-31","19:30:00","488","292","196"
"2025-01-31","20:00:00","510","74","436"
"2025-02-01","09:30:00","0","13","-13"
"2025-02-01","10:00:00","42","68","-26"
"2025-02-01","10:30:00","44","50","-6"
"2025-02-01","11:00:00","54","72","-18"
"2025-02-01","11:30:00","51","56","-5"
"2025-02-01","12:00:00","56","61","-5"
"2025-02-01","12:30:00","54","71","-17"
"2025-02-01","13:00:00","72","43","29"
"2025-02-01","13:30:00","54","53","1"
"2025-02-01","14:00:00","146","42","104"
"2025-02-01","14:30:00","60","54","6"
"2025-02-01","15:00:00","54","60","-6"
"2025-02-01","15:30:00","55","94","-39"
"2025-02-01","16:00:00","91","55","36"
"2025-02-01","16:30:00","50","45","5"
"2025-02-01","17:00:00","72","2","70"
"2025-02-02","09:30:00","0","3","-3"
"2025-02-02","10:00:00","30","70","-40"
"2025-02-02","10:30:00","32","64","-32"
"2025-02-02","11:00:00","73","99","-26"
"2025-02-02","11:30:00","72","96","-24"
"2025-02-02","12:00:00","85","69","16"
"2025-02-02","12:30:00","92","55","37"
"2025-02-02","13:00:00","56","51","5"
"2025-02-02","13:30:00","47","44","3"
"2025-02-02","14:00:00","52","69","-17"
"2025-02-02","14:30:00","84","67","17"
"2025-02-02","15:00:00","74","42","32"
"2025-02-02","15:30:00","30","42","-12"
"2025-02-02","16:00:00","39","39","0"
"2025-02-02","16:30:00","40","38","2"
"2025-02-02","17:00:00","54","4","50"
"2025-02-02","17:30:00","3","0","3"
"2025-02-03","15:00:00","1","0","1"
"2025-02-03","19:00:00","14","0","14"
"2025-02-03","21:00:00","1","0","1"
"2025-02-04","09:30:00","0","95","-95"
"2025-02-04","10:00:00","254","169","85"
"2025-02-04","10:30:00","188","257","-69"
"2025-02-04","11:00:00","291","116","175"
"2025-02-04","11:30:00","165","221","-56"
"2025-02-04","12:00:00","189","74","115"
"2025-02-04","12:30:00","156","122","34"
"2025-02-04","13:00:00","175","186","-11"
"2025-02-04","13:30:00","156","142","14"
"2025-02-04","14:00:00","296","155","141"
"2025-02-04","14:30:00","245","203","42"
"2025-02-04","15:00:00","362","299","63"
"2025-02-04","15:30:00","220","158","62"
"2025-02-04","16:00:00","263","177","86"
"2025-02-04","16:30:00","229","162","67"
"2025-02-04","17:00:00","206","108","98"
"2025-02-04","17:30:00","186","145","41"
"2025-02-04","18:00:00","220","94","126"
"2025-02-04","18:30:00","170","94","76"
"2025-02-04","19:00:00","207","51","156"
"2025-02-04","19:30:00","40","0","40"
"2025-02-05","10:00:00","9","26","-17"
"2025-02-05","10:30:00","6","16","-10"
"2025-02-05","11:00:00","28","44","-16"
"2025-02-05","11:30:00","38","24","14"
"2025-02-05","12:00:00","24","20","4"
"2025-02-05","12:30:00","16","31","-15"
"2025-02-05","13:00:00","32","24","8"
"2025-02-05","13:30:00","26","17","9"
"2025-02-05","14:00:00","19","33","-14"
"2025-02-05","14:30:00","34","26","8"
"2025-02-05","15:00:00","27","31","-4"
"2025-02-05","15:30:00","10","28","-18"
"2025-02-05","16:00:00","28","27","1"
"2025-02-05","16:30:00","40","19","21"
"2025-02-05","17:00:00","35","0","35"
"2025-02-06","09:30:00","0","4","-4"
"2025-02-06","10:00:00","9","43","-34"
"2025-02-06","10:30:00","40","26","14"
"2025-02-06","11:00:00","26","15","11"
"2025-02-06","11:30:00","18","31","-13"
"2025-02-06","12:00:00","27","19","8"
"2025-02-06","12:30:00","21","26","-5"
"2025-02-06","13:00:00","20","14","6"
"2025-02-06","13:30:00","19","19","0"
"2025-02-06","14:00:00","20","17","3"
"2025-02-06","14:30:00","18","33","-15"
"2025-02-06","15:00:00","34","28","6"
"2025-02-06","15:30:00","27","21","6"
"2025-02-06","16:00:00","21","33","-12"
"2025-02-06","16:30:00","31","16","15"
"2025-02-06","17:00:00","18","3","15"
"2025-02-06","17:30:00","1","0","1"
"2025-02-06","19:00:00","92","0","92"
"2025-02-06","19:30:00","0","123","-123"
"2025-02-06","20:00:00","344","43","301"
"2025-02-07","09:30:00","0","13","-13"
"2025-02-07","10:00:00","13","42","-29"
"2025-02-07","10:30:00","7","37","-30"
"2025-02-07","11:00:00","40","29","11"
"2025-02-07","11:30:00","41","30","11"
"2025-02-07","12:00:00","37","19","18"
"2025-02-07","12:30:00","26","33","-7"
"2025-02-07","13:00:00","19","41","-22"
"2025-02-07","13:30:00","32","36","-4"
"2025-02-07","14:00:00","51","79","-28"
"2025-02-07","14:30:00","55","41","14"
"2025-02-07","15:00:00","65","32","33"
"2025-02-07","15:30:00","35","33","2"
"2025-02-07","16:00:00","25","36","-11"
"2025-02-07","16:30:00","39","12","27"
"2025-02-07","17:00:00","32","12","20"
"2025-02-07","17:30:00","3","159","-156"
"2025-02-07","18:00:00","550","247","303"
"2025-02-07","18:30:00","337","184","153"
"2025-02-07","19:00:00","377","207","170"
"2025-02-07","19:30:00","297","426","-129"
"2025-02-07","20:00:00","628","82","546"
"2025-02-07","20:30:00","0","1","-1"
"2025-02-08","09:30:00","0","7","-7"
"2025-02-08","10:00:00","17","54","-37"
"2025-02-08","10:30:00","37","55","-18"
"2025-02-08","11:00:00","57","69","-12"
"2025-02-08","11:30:00","63","61","2"
"2025-02-08","12:00:00","64","59","5"
"2025-02-08","12:30:00","57","44","13"
"2025-02-08","13:00:00","41","47","-6"
"2025-02-08","13:30:00","40","50","-10"
"2025-02-08","14:00:00","67","53","14"
"2025-02-08","14:30:00","62","51","11"
"2025-02-08","15:00:00","77","52","25"
"2025-02-08","15:30:00","32","55","-23"
"2025-02-08","16:00:00","54","56","-2"
"2025-02-08","16:30:00","50","43","7"
"2025-02-08","17:00:00","76","10","66"
"2025-02-09","09:30:00","0","17","-17"
"2025-02-09","10:00:00","33","97","-64"
"2025-02-09","10:30:00","60","72","-12"
"2025-02-09","11:00:00","92","89","3"
"2025-02-09","11:30:00","76","78","-2"
"2025-02-09","12:00:00","69","66","3"
"2025-02-09","12:30:00","52","77","-25"
"2025-02-09","13:00:00","77","49","28"
"2025-02-09","13:30:00","73","85","-12"
"2025-02-09","14:00:00","68","54","14"
"2025-02-09","14:30:00","82","65","17"
"2025-02-09","15:00:00","66","42","24"
"2025-02-09","15:30:00","28","73","-45"
"2025-02-09","16:00:00","64","51","13"
"2025-02-09","16:30:00","57","51","6"
"2025-02-09","17:00:00","86","7","79"
"2025-02-10","14:30:00","3","0","3"
"2025-02-10","19:00:00","55","0","55"
"2025-02-11","09:30:00","0","89","-89"
"2025-02-11","10:00:00","243","72","171"
"2025-02-11","10:30:00","180","131","49"
"2025-02-11","11:00:00","217","69","148"
"2025-02-11","11:30:00","103","35","68"
"2025-02-11","12:00:00","53","336","-283"
"2025-02-11","12:30:00","104","79","25"
"2025-02-11","13:00:00","188","94","94"
"2025-02-11","13:30:00","191","125","66"
"2025-02-11","14:00:00","331","192","139"
"2025-02-11","14:30:00","274","185","89"
"2025-02-11","15:00:00","361","157","204"
"2025-02-11","15:30:00","179","206","-27"
"2025-02-11","16:00:00","278","75","203"
"2025-02-11","16:30:00","101","40","61"
"2025-02-11","17:00:00","100","41","59"
"2025-02-11","17:30:00","51","53","-2"
"2025-02-11","18:00:00","78","95","-17"
"2025-02-11","18:30:00","134","558","-424"
"2025-02-11","19:00:00","178","21","157"
"2025-02-11","19:30:00","120","0","120"
"2025-02-11","20:00:00","100","0","100"
"2025-02-11","20:30:00","100","0","100"
"2025-02-11","21:00:00","100","0","100"
"2025-02-11","21:30:00","43","0","43"
"2025-02-11","22:00:00","1","0","1"
"2025-02-12","09:30:00","0","3","-3"
"2025-02-12","10:00:00","3","39","-36"
"2025-02-12","10:30:00","28","33","-5"
"2025-02-12","11:00:00","31","16","15"
"2025-02-12","11:30:00","27","19","8"
"2025-02-12","12:00:00","13","28","-15"
"2025-02-12","12:30:00","27","19","8"
"2025-02-12","13:00:00","23","22","1"
"2025-02-12","13:30:00","19","25","-6"
"2025-02-12","14:00:00","23","44","-21"
"2025-02-12","14:30:00","53","40","13"
"2025-02-12","15:00:00","37","50","-13"
"2025-02-12","15:30:00","32","39","-7"
"2025-02-12","16:00:00","43","34","9"
"2025-02-12","16:30:00","39","23","16"
"2025-02-12","17:00:00","40","5","35"
"2025-02-12","17:30:00","3","0","3"
"2025-02-13","09:30:00","0","2","-2"
"2025-02-13","10:00:00","7","62","-55"
"2025-02-13","10:30:00","34","41","-7"
"2025-02-13","11:00:00","55","37","18"
"2025-02-13","11:30:00","30","27","3"
"2025-02-13","12:00:00","37","41","-4"
"2025-02-13","12:30:00","29","22","7"
"2025-02-13","13:00:00","31","35","-4"
"2025-02-13","13:30:00","14","19","-5"
"2025-02-13","14:00:00","39","30","9"
"2025-02-13","14:30:00","42","44","-2"
"2025-02-13","15:00:00","39","43","-4"
"2025-02-13","15:30:00","26","33","-7"
"2025-02-13","16:00:00","36","18","18"
"2025-02-13","16:30:00","33","20","13"
"2025-02-13","17:00:00","27","6","21"
"2025-02-13","17:30:00","5","0","5"
"2025-02-13","18:00:00","1","0","1"
"2025-02-14","09:30:00","0","6","-6"
"2025-02-14","10:00:00","8","54","-46"
"2025-02-14","10:30:00","31","61","-30"
"2025-02-14","11:00:00","65","67","-2"
"2025-02-14","11:30:00","62","47","15"
"2025-02-14","12:00:00","54","45","9"
"2025-02-14","12:30:00","46","52","-6"
"2025-02-14","13:00:00","52","33","19"
"2025-02-14","13:30:00","52","65","-13"
"2025-02-14","14:00:00","80","34","46"
"2025-02-14","14:30:00","19","57","-38"
"2025-02-14","15:00:00","53","52","1"
"2025-02-14","15:30:00","54","66","-12"
"2025-02-14","16:00:00","79","77","2"
"2025-02-14","16:30:00","65","43","22"
"2025-02-14","17:00:00","62","83","-21"
"2025-02-14","17:30:00","0","207","-207"
"2025-02-14","18:00:00","600","297","303"
"2025-02-14","18:30:00","382","202","180"
"2025-02-14","19:00:00","340","154","186"
"2025-02-14","19:30:00","253","128","125"
"2025-02-14","20:00:00","259","41","218"
"2025-02-14","20:30:00","1","0","1"
"2025-02-15","09:30:00","0","11","-11"
"2025-02-15","10:00:00","30","91","-61"
"2025-02-15","10:30:00","80","88","-8"
"2025-02-15","11:00:00","88","77","11"
"2025-02-15","11:30:00","74","73","1"
"2025-02-15","12:00:00","76","77","-1"
"2025-02-15","12:30:00","72","42","30"
"2025-02-15","13:00:00","47","53","-6"
"2025-02-15","13:30:00","53","50","3"
"2025-02-15","14:00:00","54","63","-9"
"2025-02-15","14:30:00","64","60","4"
"2025-02-15","15:00:00","57","93","-36"
"2025-02-15","15:30:00","94","71","23"
"2025-02-15","16:00:00","72","66","6"
"2025-02-15","16:30:00","69","67","2"
"2025-02-15","17:00:00","67","6","61"
"2025-02-15","17:30:00","1","0","1"
"2025-02-16","09:30:00","0","11","-11"
"2025-02-16","10:00:00","38","112","-74"
"2025-02-16","10:30:00","94","98","-4"
"2025-02-16","11:00:00","94","72","22"
"2025-02-16","11:30:00","75","64","11"
"2025-02-16","12:00:00","64","73","-9"
"2025-02-16","12:30:00","73","64","9"
"2025-02-16","13:00:00","63","70","-7"
"2025-02-16","13:30:00","71","60","11"
"2025-02-16","14:00:00","60","81","-21"
"2025-02-16","14:30:00","78","86","-8"
"2025-02-16","15:00:00","95","89","6"
"2025-02-16","15:30:00","87","49","38"
"2025-02-16","16:00:00","50","39","11"
"2025-02-16","16:30:00","39","48","-9"
"2025-02-16","17:00:00","45","2","43"
"2025-02-16","17:30:00","2","0","2"
"2025-02-17","10:30:00","1","0","1"
"2025-02-18","09:30:00","0","109","-109"
"2025-02-18","10:00:00","309","200","109"
"2025-02-18","10:30:00","210","204","6"
"2025-02-18","11:00:00","192","54","138"
"2025-02-18","11:30:00","125","28","97"
"2025-02-18","12:00:00","82","48","34"
"2025-02-18","12:30:00","33","26","7"
"2025-02-18","13:00:00","60","40","20"
"2025-02-18","13:30:00","61","71","-10"
"2025-02-18","14:00:00","143","56","87"
"2025-02-18","14:30:00","115","127","-12"
"2025-02-18","15:00:00","185","101","84"
"2025-02-18","15:30:00","127","92","35"
"2025-02-18","16:00:00","198","919","-721"
"2025-02-18","16:30:00","135","233","-98"
"2025-02-18","17:00:00","269","111","158"
"2025-02-18","17:30:00","417","123","294"
"2025-02-18","18:00:00","461","126","335"
"2025-02-18","18:30:00","371","111","260"
"2025-02-18","19:00:00","234","30","204"
"2025-02-18","19:30:00","8","0","8"
"2025-02-19","09:30:00","0","5","-5"
"2025-02-19","10:00:00","16","37","-21"
"2025-02-19","10:30:00","31","26","5"
"2025-02-19","11:00:00","29","44","-15"
"2025-02-19","11:30:00","40","31","9"
"2025-02-19","12:00:00","28","19","9"
"2025-02-19","12:30:00","30","29","1"
"2025-02-19","13:00:00","19","33","-14"
"2025-02-19","13:30:00","37","28","9"
"2025-02-19","14:00:00","25","24","1"
"2025-02-19","14:30:00","38","25","13"
"2025-02-19","15:00:00","26","22","4"
"2025-02-19","15:30:00","16","47","-31"
"2025-02-19","16:00:00","30","46","-16"
"2025-02-19","16:30:00","58","25","33"
"2025-02-19","17:00:00","37","4","33"
"2025-02-19","18:00:00","3","0","3"
"2025-02-20","09:30:00","0","36","-36"
"2025-02-20","10:00:00","52","61","-9"
"2025-02-20","10:30:00","32","36","-4"
"2025-02-20","11:00:00","46","55","-9"
"2025-02-20","11:30:00","45","47","-2"
"2025-02-20","12:00:00","40","38","2"
"2025-02-20","12:30:00","53","28","25"
"2025-02-20","13:00:00","31","24","7"
"2025-02-20","13:30:00","19","29","-10"
"2025-02-20","14:00:00","58","45","13"
"2025-02-20","14:30:00","59","31","28"
"2025-02-20","15:00:00","33","60","-27"
"2025-02-20","15:30:00","24","40","-16"
"2025-02-20","16:00:00","45","36","9"
"2025-02-20","16:30:00","35","27","8"
"2025-02-20","17:00:00","49","0","49"
"2025-02-21","09:30:00","0","7","-7"
"2025-02-21","10:00:00","12","49","-37"
"2025-02-21","10:30:00","26","61","-35"
"2025-02-21","11:00:00","60","58","2"
"2025-02-21","11:30:00","45","31","14"
"2025-02-21","12:00:00","54","33","21"
"2025-02-21","12:30:00","23","34","-11"
"2025-02-21","13:00:00","41","43","-2"
"2025-02-21","13:30:00","36","42","-6"
"2025-02-21","14:00:00","47","48","-1"
"2025-02-21","14:30:00","67","26","41"
"2025-02-21","15:00:00","30","63","-33"
"2025-02-21","15:30:00","32","57","-25"
"2025-02-21","16:00:00","51","29","22"
"2025-02-21","16:30:00","48","45","3"
"2025-02-21","17:00:00","64","47","17"
"2025-02-21","17:30:00","0","238","-238"
"2025-02-21","18:00:00","493","194","299"
"2025-02-21","18:30:00","273","179","94"
"2025-02-21","19:00:00","295","170","125"
"2025-02-21","19:30:00","186","110","76"
"2025-02-21","20:00:00","225","43","182"
"2025-02-22","09:30:00","0","8","-8"
"2025-02-22","10:00:00","75","112","-37"
"2025-02-22","10:30:00","64","79","-15"
"2025-02-22","11:00:00","84","74","10"
"2025-02-22","11:30:00","83","77","6"
"2025-02-22","12:00:00","62","46","16"
"2025-02-22","12:30:00","51","45","6"
"2025-02-22","13:00:00","59","40","19"
"2025-02-22","13:30:00","26","46","-20"
"2025-02-22","14:00:00","85","53","32"
"2025-02-22","14:30:00","80","75","5"
"2025-02-22","15:00:00","65","35","30"
"2025-02-22","15:30:00","39","81","-42"
"2025-02-22","16:00:00","64","69","-5"
"2025-02-22","16:30:00","76","42","34"
"2025-02-22","17:00:00","65","6","59"
"2025-02-22","17:30:00","2","0","2"
"2025-02-23","09:30:00","0","14","-14"
"2025-02-23","10:00:00","38","82","-44"
"2025-02-23","10:30:00","65","91","-26"
"2025-02-23","11:00:00","93","85","8"
"2025-02-23","11:30:00","76","66","10"
"2025-02-23","12:00:00","66","81","-15"
"2025-02-23","12:30:00","88","63","25"
"2025-02-23","13:00:00","67","64","3"
"2025-02-23","13:30:00","59","55","4"
"2025-02-23","14:00:00","51","42","9"
"2025-02-23","14:30:00","46","39","7"
"2025-02-23","15:00:00","52","59","-7"
"2025-02-23","15:30:00","73","50","23"
"2025-02-23","16:00:00","45","64","-19"
"2025-02-23","16:30:00","60","40","20"
"2025-02-23","17:00:00","40","1","39"
"2025-02-25","09:30:00","0","183","-183"
"2025-02-25","10:00:00","246","160","86"
"2025-02-25","10:30:00","235","158","77"
"2025-02-25","11:00:00","212","217","-5"
"2025-02-25","11:30:00","194","108","86"
"2025-02-25","12:00:00","173","203","-30"
"2025-02-25","12:30:00","172","94","78"
"2025-02-25","13:00:00","178","147","31"
"2025-02-25","13:30:00","174","127","47"
"2025-02-25","14:00:00","252","170","82"
"2025-02-25","14:30:00","252","213","39"
"2025-02-25","15:00:00","331","255","76"
"2025-02-25","15:30:00","223","148","75"
"2025-02-25","16:00:00","229","109","120"
"2025-02-25","16:30:00","171","209","-38"
"2025-02-25","17:00:00","248","118","130"
"2025-02-25","17:30:00","147","90","57"
"2025-02-25","18:00:00","167","97","70"
"2025-02-25","18:30:00","147","108","39"
"2025-02-25","19:00:00","223","30","193"
"2025-02-25","19:30:00","2","1","1"
"2025-02-26","10:00:00","49","67","-18"
"2025-02-26","10:30:00","52","29","23"
"2025-02-26","11:00:00","39","39","0"
"2025-02-26","11:30:00","47","19","28"
"2025-02-26","12:00:00","22","36","-14"
"2025-02-26","12:30:00","35","25","10"
"2025-02-26","13:00:00","27","24","3"
"2025-02-26","13:30:00","23","27","-4"
"2025-02-26","14:00:00","67","54","13"
"2025-02-26","14:30:00","28","49","-21"
"2025-02-26","15:00:00","46","46","0"
"2025-02-26","15:30:00","46","45","1"
"2025-02-26","16:00:00","44","29","15"
"2025-02-26","16:30:00","31","34","-3"
"2025-02-26","17:00:00","34","3","31"
"2025-02-26","17:30:00","3","0","3"
"2025-02-27","09:30:00","0","4","-4"
"2025-02-27","10:00:00","20","59","-39"
"2025-02-27","10:30:00","26","28","-2"
"2025-02-27","11:00:00","39","46","-7"
"2025-02-27","11:30:00","43","25","18"
"2025-02-27","12:00:00","35","43","-8"
"2025-02-27","12:30:00","34","29","5"
"2025-02-27","13:00:00","31","18","13"
"2025-02-27","13:30:00","24","40","-16"
"2025-02-27","14:00:00","37","39","-2"
"2025-02-27","14:30:00","56","42","14"
"2025-02-27","15:00:00","27","15","12"
"2025-02-27","15:30:00","13","24","-11"
"2025-02-27","16:00:00","21","17","4"
"2025-02-27","16:30:00","25","17","8"
"2025-02-27","17:00:00","35","6","29"
"2025-02-28","09:30:00","0","6","-6"
"2025-02-28","10:00:00","14","36","-22"
"2025-02-28","10:30:00","28","16","12"
"2025-02-28","11:00:00","13","20","-7"
"2025-02-28","11:30:00","23","45","-22"
"2025-02-28","12:00:00","43","42","1"
"2025-02-28","12:30:00","45","22","23"
"2025-02-28","13:00:00","22","32","-10"
"2025-02-28","13:30:00","34","26","8"
"2025-02-28","14:00:00","18","44","-26"
"2025-02-28","14:30:00","53","39","14"
"2025-02-28","15:00:00","44","37","7"
"2025-02-28","15:30:00","37","27","10"
"2025-02-28","16:00:00","29","41","-12"
"2025-02-28","16:30:00","39","33","6"
"2025-02-28","17:00:00","32","67","-35"
"2025-02-28","17:30:00","0","111","-111"
"2025-02-28","18:00:00","333","165","168"
"2025-02-28","18:30:00","202","119","83"
"2025-02-28","19:00:00","183","106","77"
"2025-02-28","19:30:00","156","57","99"
"2025-02-28","20:00:00","141","32","109"
"2025-03-01","09:30:00","0","10","-10"
"2025-03-01","10:00:00","19","54","-35"
"2025-03-01","10:30:00","32","33","-1"
"2025-03-01","11:00:00","28","40","-12"
"2025-03-01","11:30:00","42","35","7"
"2025-03-01","12:00:00","51","36","15"
"2025-03-01","12:30:00","27","22","5"
"2025-03-01","13:00:00","32","38","-6"
"2025-03-01","13:30:00","27","52","-25"
"2025-03-01","14:00:00","46","52","-6"
"2025-03-01","14:30:00","69","40","29"
"2025-03-01","15:00:00","51","48","3"
"2025-03-01","15:30:00","34","60","-26"
"2025-03-01","16:00:00","54","28","26"
"2025-03-01","16:30:00","36","15","21"
"2025-03-01","17:00:00","31","1","30"
"2025-03-01","17:30:00","2","0","2"
"2025-03-02","09:30:00","0","26","-26"
"2025-03-02","10:00:00","43","93","-50"
"2025-03-02","10:30:00","46","94","-48"
"2025-03-02","11:00:00","117","68","49"
"2025-03-02","11:30:00","60","83","-23"
"2025-03-02","12:00:00","89","85","4"
"2025-03-02","12:30:00","72","68","4"
"2025-03-02","13:00:00","73","62","11"
"2025-03-02","13:30:00","87","67","20"
"2025-03-02","14:00:00","71","56","15"
"2025-03-02","14:30:00","25","73","-48"
"2025-03-02","15:00:00","76","84","-8"
"2025-03-02","15:30:00","77","72","5"
"2025-03-02","16:00:00","90","46","44"
"2025-03-02","16:30:00","42","34","8"
"2025-03-02","17:00:00","54","4","50"
"2025-03-02","17:30:00","4","0","4"
"2025-03-03","11:00:00","2","0","2"
"2025-03-04","09:00:00","0","30","-30"
"2025-03-04","09:30:00","0","117","-117"
"2025-03-04","10:00:00","619","334","285"
"2025-03-04","10:30:00","439","407","32"
"2025-03-04","11:00:00","449","408","41"
"2025-03-04","11:30:00","317","280","37"
"2025-03-04","12:00:00","381","234","147"
"2025-03-04","12:30:00","253","212","41"
"2025-03-04","13:00:00","270","173","97"
"2025-03-04","13:30:00","222","221","1"
"2025-03-04","14:00:00","481","239","242"
"2025-03-04","14:30:00","338","322","16"
"2025-03-04","15:00:00","483","275","208"
"2025-03-04","15:30:00","317","323","-6"
"2025-03-04","16:00:00","377","382","-5"
"2025-03-04","16:30:00","343","282","61"
"2025-03-04","17:00:00","354","176","178"
"2025-03-04","17:30:00","245","141","104"
"2025-03-04","18:00:00","234","108","126"
"2025-03-04","18:30:00","179","73","106"
"2025-03-04","19:00:00","163","21","142"
"2025-03-05","09:30:00","0","3","-3"
"2025-03-05","10:00:00","9","50","-41"
"2025-03-05","10:30:00","35","52","-17"
"2025-03-05","11:00:00","47","34","13"
"2025-03-05","11:30:00","35","55","-20"
"2025-03-05","12:00:00","44","39","5"
"2025-03-05","12:30:00","51","44","7"
"2025-03-05","13:00:00","31","39","-8"
"2025-03-05","13:30:00","45","46","-1"
"2025-03-05","14:00:00","40","41","-1"
"2025-03-05","14:30:00","72","49","23"
"2025-03-05","15:00:00","40","43","-3"
"2025-03-05","15:30:00","36","51","-15"
"2025-03-05","16:00:00","49","33","16"
"2025-03-05","16:30:00","32","31","1"
"2025-03-05","17:00:00","49","0","49"
"2025-03-06","09:30:00","0","1","-1"
"2025-03-06","10:00:00","0","39","-39"
"2025-03-06","10:30:00","37","50","-13"
"2025-03-06","11:00:00","50","50","0"
"2025-03-06","11:30:00","47","28","19"
"2025-03-06","12:00:00","32","26","6"
"2025-03-06","12:30:00","25","36","-11"
"2025-03-06","13:00:00","38","28","10"
"2025-03-06","13:30:00","28","25","3"
"2025-03-06","14:00:00","25","45","-20"
"2025-03-06","14:30:00","45","24","21"
"2025-03-06","15:00:00","26","40","-14"
"2025-03-06","15:30:00","35","27","8"
"2025-03-06","16:00:00","32","47","-15"
"2025-03-06","16:30:00","42","40","2"
"2025-03-06","17:00:00","48","9","39"
"2025-03-06","17:30:00","6","0","6"
"2025-03-07","09:30:00","0","1","-1"
"2025-03-07","10:00:00","5","0","5"
"2025-03-07","10:30:00","2","2","0"
"2025-03-07","11:00:00","10","58","-48"
"2025-03-07","11:30:00","21","55","-34"
"2025-03-07","12:00:00","65","43","22"
"2025-03-07","12:30:00","55","40","15"
"2025-03-07","13:00:00","29","47","-18"
"2025-03-07","13:30:00","40","40","0"
"2025-03-07","14:00:00","138","52","86"
"2025-03-07","14:30:00","68","68","0"
"2025-03-07","15:00:00","63","42","21"
"2025-03-07","15:30:00","33","34","-1"
"2025-03-07","16:00:00","35","28","7"
"2025-03-07","16:30:00","32","38","-6"
"2025-03-07","17:00:00","45","90","-45"
"2025-03-07","17:30:00","0","123","-123"
"2025-03-07","18:00:00","424","226","198"
"2025-03-07","18:30:00","230","160","70"
"2025-03-07","19:00:00","205","130","75"
"2025-03-07","19:30:00","177","85","92"
"2025-03-07","20:00:00","166","33","133"
"2025-03-07","20:30:00","5","0","5"
"2025-03-08","09:30:00","0","14","-14"
"2025-03-08","10:00:00","18","31","-13"
"2025-03-08","10:30:00","13","58","-45"
"2025-03-08","11:00:00","56","53","3"
"2025-03-08","11:30:00","48","52","-4"
"2025-03-08","12:00:00","68","48","20"
"2025-03-08","12:30:00","23","48","-25"
"2025-03-08","13:00:00","63","53","10"
"2025-03-08","13:30:00","52","49","3"
"2025-03-08","14:00:00","55","31","24"
"2025-03-08","14:30:00","52","50","2"
"2025-03-08","15:00:00","49","43","6"
"2025-03-08","15:30:00","25","52","-27"
"2025-03-08","16:00:00","57","40","17"
"2025-03-08","16:30:00","43","45","-2"
"2025-03-08","17:00:00","57","4","53"
"2025-03-08","18:00:00","2","0","2"
"2025-03-09","09:30:00","0","7","-7"
"2025-03-09","10:00:00","14","76","-62"
"2025-03-09","10:30:00","31","97","-66"
"2025-03-09","11:00:00","81","56","25"
"2025-03-09","11:30:00","74","71","3"
"2025-03-09","12:00:00","67","61","6"
"2025-03-09","12:30:00","93","76","17"
"2025-03-09","13:00:00","83","74","9"
"2025-03-09","13:30:00","69","57","12"
"2025-03-09","14:00:00","66","57","9"
"2025-03-09","14:30:00","80","61","19"
"2025-03-09","15:00:00","68","62","6"
"2025-03-09","15:30:00","25","51","-26"
"2025-03-09","16:00:00","62","41","21"
"2025-03-09","16:30:00","61","33","28"
"2025-03-09","17:00:00","40","1","39"
"2025-03-10","19:00:00","17","0","17"
"2025-03-11","09:30:00","0","60","-60"
"2025-03-11","10:00:00","240","204","36"
"2025-03-11","10:30:00","236","86","150"
"2025-03-11","11:00:00","213","78","135"
"2025-03-11","11:30:00","75","43","32"
"2025-03-11","12:00:00","56","31","25"
"2025-03-11","12:30:00","36","32","4"
"2025-03-11","13:00:00","110","43","67"
"2025-03-11","13:30:00","96","68","28"
"2025-03-11","14:00:00","122","62","60"
"2025-03-11","14:30:00","109","73","36"
"2025-03-11","15:00:00","136","37","99"
"2025-03-11","15:30:00","115","224","-109"
"2025-03-11","16:00:00","225","117","108"
"2025-03-11","16:30:00","207","95","112"
"2025-03-11","17:00:00","158","206","-48"
"2025-03-11","17:30:00","232","51","181"
"2025-03-11","18:00:00","122","39","83"
"2025-03-11","18:30:00","82","99","-17"
"2025-03-11","19:00:00","195","156","39"
"2025-03-11","19:30:00","54","2","52"
"2025-03-11","20:00:00","54","0","54"
"2025-03-11","20:30:00","55","0","55"
"2025-03-11","21:00:00","40","0","40"
"2025-03-11","21:30:00","24","0","24"
"2025-03-12","09:30:00","0","2","-2"
"2025-03-12","10:00:00","7","50","-43"
"2025-03-12","10:30:00","29","37","-8"
"2025-03-12","11:00:00","36","28","8"
"2025-03-12","11:30:00","36","25","11"
"2025-03-12","12:00:00","29","29","0"
"2025-03-12","12:30:00","21","22","-1"
"2025-03-12","13:00:00","27","34","-7"
"2025-03-12","13:30:00","29","38","-9"
"2025-03-12","14:00:00","101","21","80"
"2025-03-12","14:30:00","51","58","-7"
"2025-03-12","15:00:00","23","47","-24"
"2025-03-12","15:30:00","20","41","-21"
"2025-03-12","16:00:00","49","26","23"
"2025-03-12","16:30:00","45","38","7"
"2025-03-12","17:00:00","45","1","44"
"2025-03-12","17:30:00","1","0","1"
"2025-03-12","19:00:00","16","0","16"
"2025-03-13","09:30:00","0","4","-4"
"2025-03-13","10:00:00","5","37","-32"
"2025-03-13","10:30:00","30","25","5"
"2025-03-13","11:00:00","22","38","-16"
"2025-03-13","11:30:00","33","48","-15"
"2025-03-13","12:00:00","36","22","14"
"2025-03-13","12:30:00","39","45","-6"
"2025-03-13","13:00:00","35","30","5"
"2025-03-13","13:30:00","38","57","-19"
"2025-03-13","14:00:00","68","40","28"
"2025-03-13","14:30:00","42","26","16"
"2025-03-13","15:00:00","23","32","-9"
"2025-03-13","15:30:00","25","65","-40"
"2025-03-13","16:00:00","53","33","20"
"2025-03-13","16:30:00","43","52","-9"
"2025-03-13","17:00:00","63","3","60"
"2025-03-13","17:30:00","3","0","3"
"2025-03-14","10:00:00","73","94","-21"
"2025-03-14","10:30:00","19","64","-45"
"2025-03-14","11:00:00","48","45","3"
"2025-03-14","11:30:00","59","90","-31"
"2025-03-14","12:00:00","97","58","39"
"2025-03-14","12:30:00","66","42","24"
"2025-03-14","13:00:00","53","39","14"
"2025-03-14","13:30:00","21","36","-15"
"2025-03-14","14:00:00","71","28","43"
"2025-03-14","14:30:00","47","74","-27"
"2025-03-14","15:00:00","37","50","-13"
"2025-03-14","15:30:00","27","35","-8"
"2025-03-14","16:00:00","47","47","0"
"2025-03-14","16:30:00","59","24","35"
"2025-03-14","17:00:00","48","71","-23"
"2025-03-14","17:30:00","0","158","-158"
"2025-03-14","18:00:00","514","249","265"
"2025-03-14","18:30:00","282","166","116"
"2025-03-14","19:00:00","326","160","166"
"2025-03-14","19:30:00","183","81","102"
"2025-03-14","20:00:00","161","41","120"
"2025-03-14","20:30:00","10","0","10"
"2025-03-15","09:30:00","0","28","-28"
"2025-03-15","10:00:00","51","97","-46"
"2025-03-15","10:30:00","103","124","-21"
"2025-03-15","11:00:00","109","101","8"
"2025-03-15","11:30:00","105","71","34"
"2025-03-15","12:00:00","75","57","18"
"2025-03-15","12:30:00","53","42","11"
"2025-03-15","13:00:00","51","85","-34"
"2025-03-15","13:30:00","69","68","1"
"2025-03-15","14:00:00","71","50","21"
"2025-03-15","14:30:00","59","55","4"
"2025-03-15","15:00:00","63","91","-28"
"2025-03-15","15:30:00","84","81","3"
"2025-03-15","16:00:00","85","84","1"
"2025-03-15","16:30:00","86","61","25"
"2025-03-15","17:00:00","63","10","53"
"2025-03-15","17:30:00","4","0","4"
"2025-03-16","09:30:00","0","3","-3"
"2025-03-16","10:00:00","46","106","-60"
"2025-03-16","10:30:00","94","76","18"
"2025-03-16","11:00:00","58","83","-25"
"2025-03-16","11:30:00","78","110","-32"
"2025-03-16","12:00:00","120","109","11"
"2025-03-16","12:30:00","78","113","-35"
"2025-03-16","13:00:00","98","110","-12"
"2025-03-16","13:30:00","95","67","28"
"2025-03-16","14:00:00","83","83","0"
"2025-03-16","14:30:00","90","81","9"
"2025-03-16","15:00:00","108","62","46"
"2025-03-16","15:30:00","55","53","2"
"2025-03-16","16:00:00","58","52","6"
"2025-03-16","16:30:00","55","38","17"
"2025-03-16","17:00:00","43","7","36"
"2025-03-17","10:00:00","1","0","1"
"2025-03-17","18:00:00","2","0","2"
"2025-03-17","19:00:00","4","0","4"
"2025-03-17","19:30:00","37","0","37"
"2025-03-17","20:00:00","2","0","2"
"2025-03-17","20:30:00","1","0","1"
"2025-03-18","09:30:00","0","54","-54"
"2025-03-18","10:00:00","336","130","206"
"2025-03-18","10:30:00","93","109","-16"
"2025-03-18","11:00:00","115","34","81"
"2025-03-18","11:30:00","58","30","28"
"2025-03-18","12:00:00","42","7","35"
"2025-03-18","12:30:00","31","17","14"
"2025-03-18","13:00:00","78","26","52"
"2025-03-18","13:30:00","41","66","-25"
"2025-03-18","14:00:00","219","87","132"
"2025-03-18","14:30:00","129","120","9"
"2025-03-18","15:00:00","150","255","-105"
"2025-03-18","15:30:00","182","71","111"
"2025-03-18","16:00:00","186","78","108"
"2025-03-18","16:30:00","193","45","148"
"2025-03-18","17:00:00","116","80","36"
"2025-03-18","17:30:00","180","96","84"
"2025-03-18","18:00:00","152","68","84"
"2025-03-18","18:30:00","109","74","35"
"2025-03-18","19:00:00","191","49","142"
"2025-03-18","19:30:00","65","0","65"
"2025-03-18","20:30:00","1","0","1"
"2025-03-19","09:30:00","0","4","-4"
"2025-03-19","10:00:00","9","56","-47"
"2025-03-19","10:30:00","49","37","12"
"2025-03-19","11:00:00","82","37","45"
"2025-03-19","11:30:00","37","50","-13"
"2025-03-19","12:00:00","29","24","5"
"2025-03-19","12:30:00","3","8","-5"
"2025-03-19","13:00:00","9","10","-1"
"2025-03-19","13:30:00","28","28","0"
"2025-03-19","14:00:00","67","23","44"
"2025-03-19","14:30:00","32","38","-6"
"2025-03-19","15:00:00","51","29","22"
"2025-03-19","15:30:00","34","21","13"
"2025-03-19","16:00:00","20","8","12"
"2025-03-19","16:30:00","15","17","-2"
"2025-03-19","17:00:00","14","1","13"
"2025-03-19","17:30:00","1","0","1"
"2025-03-19","18:30:00","1","0","1"
"2025-03-20","09:30:00","0","6","-6"
"2025-03-20","10:00:00","15","13","2"
"2025-03-20","10:30:00","20","21","-1"
"2025-03-20","11:00:00","19","12","7"
"2025-03-20","11:30:00","17","3","14"
"2025-03-20","12:00:00","10","6","4"
"2025-03-20","12:30:00","23","6","17"
"2025-03-20","13:00:00","9","14","-5"
"2025-03-20","13:30:00","15","30","-15"
"2025-03-20","14:00:00","37","13","24"
"2025-03-20","14:30:00","11","7","4"
"2025-03-20","15:00:00","60","16","44"
"2025-03-20","15:30:00","14","64","-50"
"2025-03-20","16:00:00","19","31","-12"
"2025-03-20","16:30:00","29","15","14"
"2025-03-20","17:00:00","39","0","39"
"2025-03-20","19:30:00","30","0","30"
"2025-03-20","20:00:00","4","0","4"
"2025-03-21","09:30:00","0","21","-21"
"2025-03-21","10:00:00","39","9","30"
"2025-03-21","10:30:00","7","58","-51"
"2025-03-21","11:00:00","53","39","14"
"2025-03-21","11:30:00","36","43","-7"
"2025-03-21","12:00:00","39","30","9"
"2025-03-21","12:30:00","33","27","6"
"2025-03-21","13:00:00","31","22","9"
"2025-03-21","13:30:00","22","41","-19"
"2025-03-21","14:00:00","134","27","107"
"2025-03-21","14:30:00","27","47","-20"
"2025-03-21","15:00:00","61","32","29"
"2025-03-21","15:30:00","39","39","0"
"2025-03-21","16:00:00","36","61","-25"
"2025-03-21","16:30:00","60","38","22"
"2025-03-21","17:00:00","22","56","-34"
"2025-03-21","17:30:00","0","139","-139"
"2025-03-21","18:00:00","468","237","231"
"2025-03-21","18:30:00","297","147","150"
"2025-03-21","19:00:00","302","160","142"
"2025-03-21","19:30:00","157","84","73"
"2025-03-21","20:00:00","143","21","122"
"2025-03-21","20:30:00","0","2","-2"
"2025-03-22","09:30:00","0","12","-12"
"2025-03-22","10:00:00","145","70","75"
"2025-03-22","10:30:00","65","63","2"
"2025-03-22","11:00:00","49","49","0"
"2025-03-22","11:30:00","42","44","-2"
"2025-03-22","12:00:00","35","54","-19"
"2025-03-22","12:30:00","43","28","15"
"2025-03-22","13:00:00","9","35","-26"
"2025-03-22","13:30:00","29","72","-43"
"2025-03-22","14:00:00","96","49","47"
"2025-03-22","14:30:00","137","63","74"
"2025-03-22","15:00:00","99","82","17"
"2025-03-22","15:30:00","43","119","-76"
"2025-03-22","16:00:00","105","66","39"
"2025-03-22","16:30:00","113","88","25"
"2025-03-22","17:00:00","95","7","88"
"2025-03-23","09:30:00","0","4","-4"
"2025-03-23","10:00:00","53","115","-62"
"2025-03-23","10:30:00","51","90","-39"
"2025-03-23","11:00:00","131","61","70"
"2025-03-23","11:30:00","77","77","0"
"2025-03-23","12:00:00","55","58","-3"
"2025-03-23","12:30:00","74","73","1"
"2025-03-23","13:00:00","71","74","-3"
"2025-03-23","13:30:00","101","82","19"
"2025-03-23","14:00:00","113","90","23"
"2025-03-23","14:30:00","119","79","40"
"2025-03-23","15:00:00","127","102","25"
"2025-03-23","15:30:00","44","86","-42"
"2025-03-23","16:00:00","52","47","5"
"2025-03-23","16:30:00","105","26","79"
"2025-03-23","17:00:00","52","4","48"
"2025-03-25","09:30:00","0","48","-48"
"2025-03-25","10:00:00","263","168","95"
"2025-03-25","10:30:00","176","159","17"
"2025-03-25","11:00:00","225","89","136"
"2025-03-25","11:30:00","95","162","-67"
"2025-03-25","12:00:00","191","127","64"
"2025-03-25","12:30:00","107","138","-31"
"2025-03-25","13:00:00","191","105","86"
"2025-03-25","13:30:00","135","118","17"
"2025-03-25","14:00:00","301","212","89"
"2025-03-25","14:30:00","249","180","69"
"2025-03-25","15:00:00","309","213","96"
"2025-03-25","15:30:00","252","166","86"
"2025-03-25","16:00:00","211","148","63"
"2025-03-25","16:30:00","142","172","-30"
"2025-03-25","17:00:00","256","64","192"
"2025-03-25","17:30:00","134","141","-7"
"2025-03-25","18:00:00","202","211","-9"
"2025-03-25","18:30:00","218","124","94"
"2025-03-25","19:00:00","330","64","266"
"2025-03-25","20:00:00","129","0","129"
"2025-03-26","10:00:00","69","30","39"
"2025-03-26","10:30:00","56","71","-15"
"2025-03-26","11:00:00","486","116","370"
"2025-03-26","11:30:00","22","50","-28"
"2025-03-26","12:00:00","24","26","-2"
"2025-03-26","12:30:00","15","24","-9"
"2025-03-26","13:00:00","11","49","-38"
"2025-03-26","13:30:00","35","74","-39"
"2025-03-26","14:00:00","175","48","127"
"2025-03-26","14:30:00","55","34","21"
"2025-03-26","15:00:00","96","59","37"
"2025-03-26","15:30:00","19","31","-12"
"2025-03-26","16:00:00","76","23","53"
"2025-03-26","16:30:00","31","27","4"
"2025-03-26","17:00:00","28","0","28"
"2025-03-26","18:00:00","0","8","-8"
"2025-03-26","18:30:00","0","137","-137"
"2025-03-26","19:00:00","1183","288","895"
"2025-03-26","19:30:00","0","181","-181"
"2025-03-26","20:00:00","0","43","-43"
"2025-03-26","20:30:00","0","18","-18"
"2025-03-26","21:00:00","0","6","-6"
"2025-03-26","21:30:00","0","2","-2"
"2025-03-27","10:00:00","24","106","-82"
"2025-03-27","10:30:00","35","43","-8"
"2025-03-27","11:00:00","79","36","43"
"2025-03-27","11:30:00","38","23","15"
"2025-03-27","12:00:00","60","0","60"
"2025-03-27","12:30:00","3","2","1"
"2025-03-27","13:00:00","2","1","1"
"2025-03-27","13:30:00","9","7","2"
"2025-03-27","14:00:00","46","47","-1"
"2025-03-27","14:30:00","94","98","-4"
"2025-03-27","15:00:00","138","81","57"
"2025-03-27","15:30:00","16","65","-49"
"2025-03-27","16:00:00","251","93","158"
"2025-03-27","16:30:00","163","106","57"
"2025-03-27","17:00:00","444","101","343"
"2025-03-27","17:30:00","0","60","-60"
"2025-03-27","18:00:00","558","114","444"
"2025-03-27","18:30:00","30","129","-99"
"2025-03-27","19:00:00","565","147","418"
"2025-03-27","19:30:00","77","125","-48"
"2025-03-27","20:00:00","320","62","258"
"2025-03-27","20:30:00","48","78","-30"
"2025-03-27","21:00:00","159","25","134"
"2025-03-28","09:30:00","0","8","-8"
"2025-03-28","10:00:00","183","95","88"
"2025-03-28","10:30:00","87","83","4"
"2025-03-28","11:00:00","163","44","119"
"2025-03-28","11:30:00","96","43","53"
"2025-03-28","12:00:00","63","137","-74"
"2025-03-28","12:30:00","23","124","-101"
"2025-03-28","13:00:00","24","72","-48"
"2025-03-28","13:30:00","41","52","-11"
"2025-03-28","14:00:00","312","49","263"
"2025-03-28","14:30:00","192","102","90"
"2025-03-28","15:00:00","201","94","107"
"2025-03-28","15:30:00","93","107","-14"
"2025-03-28","16:00:00","74","68","6"
"2025-03-28","16:30:00","118","92","26"
"2025-03-28","17:00:00","105","72","33"
"2025-03-28","17:30:00","2","220","-218"
"2025-03-28","18:00:00","1097","328","769"
"2025-03-28","18:30:00","744","291","453"
"2025-03-28","19:00:00","813","337","476"
"2025-03-28","19:30:00","820","485","335"
"2025-03-28","20:00:00","1039","166","873"
"2025-03-28","20:30:00","0","2","-2"
"2025-03-29","09:30:00","0","4","-4"
"2025-03-29","10:00:00","79","43","36"
"2025-03-29","10:30:00","75","61","14"
"2025-03-29","11:00:00","150","116","34"
"2025-03-29","11:30:00","136","130","6"
"2025-03-29","12:00:00","153","115","38"
"2025-03-29","12:30:00","112","111","1"
"2025-03-29","13:00:00","104","135","-31"
"2025-03-29","13:30:00","83","109","-26"
"2025-03-29","14:00:00","268","142","126"
"2025-03-29","14:30:00","165","176","-11"
"2025-03-29","15:00:00","224","184","40"
"2025-03-29","15:30:00","207","152","55"
"2025-03-29","16:00:00","217","221","-4"
"2025-03-29","16:30:00","187","164","23"
"2025-03-29","17:00:00","271","214","57"
"2025-03-29","17:30:00","0","9","-9"
"2025-03-29","19:30:00","0","231","-231"
"2025-03-29","20:00:00","328","72","256"
"2025-03-30","10:00:00","66","76","-10"
"2025-03-30","10:30:00","143","82","61"
"2025-03-30","11:00:00","176","175","1"
"2025-03-30","11:30:00","202","149","53"
"2025-03-30","12:00:00","252","195","57"
"2025-03-30","12:30:00","162","200","-38"
"2025-03-30","13:00:00","203","144","59"
"2025-03-30","13:30:00","192","180","12"
"2025-03-30","14:00:00","219","169","50"
"2025-03-30","14:30:00","176","187","-11"
"2025-03-30","15:00:00","183","145","38"
"2025-03-30","15:30:00","169","190","-21"
"2025-03-30","16:00:00","174","199","-25"
"2025-03-30","16:30:00","183","176","7"
"2025-03-30","17:00:00","149","89","60"
"2025-03-30","17:30:00","1","11","-10"
"2025-04-01","10:00:00","451","119","332"
"2025-04-01","10:30:00","339","223","116"
"2025-04-01","11:00:00","366","270","96"
"2025-04-01","11:30:00","266","120","146"
"2025-04-01","12:00:00","288","170","118"
"2025-04-01","12:30:00","204","186","18"
"2025-04-01","13:00:00","296","238","58"
"2025-04-01","13:30:00","274","194","80"
"2025-04-01","14:00:00","641","247","394"
"2025-04-01","14:30:00","430","342","88"
"2025-04-01","15:00:00","625","304","321"
"2025-04-01","15:30:00","452","279","173"
"2025-04-01","16:00:00","426","255","171"
"2025-04-01","16:30:00","298","299","-1"
"2025-04-01","17:00:00","420","250","170"
"2025-04-01","17:30:00","286","274","12"
"2025-04-01","18:00:00","295","217","78"
"2025-04-01","18:30:00","243","261","-18"
"2025-04-01","19:00:00","383","139","244"
"2025-04-02","10:00:00","152","25","127"
"2025-04-02","10:30:00","68","41","27"
"2025-04-02","11:00:00","86","55","31"
"2025-04-02","11:30:00","57","44","13"
"2025-04-02","12:00:00","47","40","7"
"2025-04-02","12:30:00","42","60","-18"
"2025-04-02","13:00:00","38","37","1"
"2025-04-02","13:30:00","57","41","16"
"2025-04-02","14:00:00","113","40","73"
"2025-04-02","14:30:00","68","46","22"
"2025-04-02","15:00:00","184","79","105"
"2025-04-02","15:30:00","67","106","-39"
"2025-04-02","16:00:00","67","74","-7"
"2025-04-02","16:30:00","65","73","-8"
"2025-04-02","17:00:00","60","60","0"
"2025-04-03","09:30:00","0","3","-3"
"2025-04-03","10:00:00","155","99","56"
"2025-04-03","10:30:00","101","31","70"
"2025-04-03","11:00:00","74","34","40"
"2025-04-03","11:30:00","39","31","8"
"2025-04-03","12:00:00","46","68","-22"
"2025-04-03","12:30:00","54","74","-20"
"2025-04-03","13:00:00","52","81","-29"
"2025-04-03","13:30:00","36","48","-12"
"2025-04-03","14:00:00","128","86","42"
"2025-04-03","14:30:00","96","115","-19"
"2025-04-03","15:00:00","192","102","90"
"2025-04-03","15:30:00","49","78","-29"
"2025-04-03","16:00:00","47","75","-28"
"2025-04-03","16:30:00","106","84","22"
"2025-04-03","17:00:00","86","43","43"
"2025-04-04","10:00:00","84","71","13"
"2025-04-04","10:30:00","67","75","-8"
"2025-04-04","11:00:00","209","76","133"
"2025-04-04","11:30:00","97","106","-9"
"2025-04-04","12:00:00","88","63","25"
"2025-04-04","12:30:00","58","64","-6"
"2025-04-04","13:00:00","57","105","-48"
"2025-04-04","13:30:00","65","56","9"
"2025-04-04","14:00:00","218","62","156"
"2025-04-04","14:30:00","153","82","71"
"2025-04-04","15:00:00","209","156","53"
"2025-04-04","15:30:00","105","197","-92"
"2025-04-04","16:00:00","89","123","-34"
"2025-04-04","16:30:00","163","154","9"
"2025-04-04","17:00:00","142","76","66"
"2025-04-04","17:30:00","18","300","-282"
"2025-04-04","18:00:00","843","363","480"
"2025-04-04","18:30:00","719","341","378"
"2025-04-04","19:00:00","589","302","287"
"2025-04-04","19:30:00","459","279","180"
"2025-04-04","20:00:00","333","112","221"
"2025-04-05","09:30:00","0","5","-5"
"2025-04-05","10:00:00","164","83","81"
"2025-04-05","10:30:00","102","64","38"
"2025-04-05","11:00:00","270","145","125"
"2025-04-05","11:30:00","132","140","-8"
"2025-04-05","12:00:00","178","179","-1"
"2025-04-05","12:30:00","123","173","-50"
"2025-04-05","13:00:00","104","146","-42"
"2025-04-05","13:30:00","113","150","-37"
"2025-04-05","14:00:00","192","117","75"
"2025-04-05","14:30:00","171","134","37"
"2025-04-05","15:00:00","232","184","48"
"2025-04-05","15:30:00","172","185","-13"
"2025-04-05","16:00:00","164","240","-76"
"2025-04-05","16:30:00","257","236","21"
"2025-04-05","17:00:00","186","153","33"
"2025-04-05","17:30:00","0","4","-4"
"2025-04-06","10:00:00","57","0","57"
"2025-04-06","10:30:00","34","0","34"
"2025-04-06","11:00:00","19","0","19"
"2025-04-06","11:30:00","7","0","7"
"2025-04-06","12:00:00","6","0","6"
"2025-04-06","13:00:00","5","0","5"
"2025-04-06","13:30:00","1","0","1"
"2025-04-06","14:00:00","36","0","36"
"2025-04-06","14:30:00","5","0","5"
"2025-04-06","15:00:00","7","0","7"
"2025-04-06","16:00:00","11","0","11"
"2025-04-08","09:30:00","0","11","-11"
"2025-04-08","10:00:00","665","344","321"
"2025-04-08","10:30:00","520","393","127"
"2025-04-08","11:00:00","497","383","114"
"2025-04-08","11:30:00","385","342","43"
"2025-04-08","12:00:00","447","286","161"
"2025-04-08","12:30:00","337","257","80"
"2025-04-08","13:00:00","350","237","113"
"2025-04-08","13:30:00","326","268","58"
"2025-04-08","14:00:00","658","342","316"
"2025-04-08","14:30:00","593","221","372"
"2025-04-08","15:00:00","527","380","147"
"2025-04-08","15:30:00","475","402","73"
"2025-04-08","16:00:00","480","313","167"
"2025-04-08","16:30:00","320","208","112"
"2025-04-08","17:00:00","331","191","140"
"2025-04-08","17:30:00","374","224","150"
"2025-04-08","18:00:00","433","272","161"
"2025-04-08","18:30:00","303","271","32"
"2025-04-08","19:00:00","442","99","343"
"2025-04-09","10:00:00","90","25","65"
"2025-04-09","10:30:00","54","41","13"
"2025-04-09","11:00:00","164","46","118"
"2025-04-09","11:30:00","54","76","-22"
"2025-04-09","12:00:00","39","83","-44"
"2025-04-09","12:30:00","38","38","0"
"2025-04-09","13:00:00","32","47","-15"
"2025-04-09","13:30:00","53","45","8"
"2025-04-09","14:00:00","151","62","89"
"2025-04-09","14:30:00","54","105","-51"
"2025-04-09","15:00:00","150","44","106"
"2025-04-09","15:30:00","64","58","6"
"2025-04-09","16:00:00","63","66","-3"
"2025-04-09","16:30:00","70","67","3"
"2025-04-09","17:00:00","43","46","-3"
"2025-04-09","19:00:00","8","0","8"
"2025-04-10","09:30:00","0","1","-1"
"2025-04-10","10:00:00","108","65","43"
"2025-04-10","10:30:00","50","88","-38"
"2025-04-10","11:00:00","65","61","4"
"2025-04-10","11:30:00","64","26","38"
"2025-04-10","12:00:00","64","75","-11"
"2025-04-10","12:30:00","44","42","2"
"2025-04-10","13:00:00","40","29","11"
"2025-04-10","13:30:00","25","32","-7"
"2025-04-10","14:00:00","51","43","8"
"2025-04-10","14:30:00","62","50","12"
"2025-04-10","15:00:00","53","58","-5"
"2025-04-10","15:30:00","52","93","-41"
"2025-04-10","16:00:00","80","76","4"
"2025-04-10","16:30:00","79","54","25"
"2025-04-10","17:00:00","22","34","-12"
"2025-04-10","19:00:00","2","0","2"
"2025-04-10","19:30:00","0","15","-15"
"2025-04-10","20:00:00","514","152","362"
"2025-04-10","20:30:00","0","55","-55"
"2025-04-10","21:00:00","77","22","55"
"2025-04-10","21:30:00","0","3","-3"
"2025-04-11","10:00:00","151","33","118"
"2025-04-11","10:30:00","66","108","-42"
"2025-04-11","11:00:00","109","111","-2"
"2025-04-11","11:30:00","116","126","-10"
"2025-04-11","12:00:00","125","63","62"
"2025-04-11","12:30:00","57","66","-9"
"2025-04-11","13:00:00","63","79","-16"
"2025-04-11","13:30:00","56","96","-40"
"2025-04-11","14:00:00","170","119","51"
"2025-04-11","14:30:00","206","139","67"
"2025-04-11","15:00:00","154","88","66"
"2025-04-11","15:30:00","64","125","-61"
"2025-04-11","16:00:00","99","121","-22"
"2025-04-11","16:30:00","187","75","112"
"2025-04-11","17:00:00","73","66","7"
"2025-04-11","17:30:00","10","193","-183"
"2025-04-11","18:00:00","886","348","538"
"2025-04-11","18:30:00","370","265","105"
"2025-04-11","19:00:00","503","311","192"
"2025-04-11","19:30:00","387","320","67"
"2025-04-11","20:00:00","311","191","120"
"2025-04-11","20:30:00","0","1","-1"
"2025-04-12","09:30:00","0","4","-4"
"2025-04-12","10:00:00","258","99","159"
"2025-04-12","10:30:00","181","106","75"
"2025-04-12","11:00:00","194","173","21"
"2025-04-12","11:30:00","179","208","-29"
"2025-04-12","12:00:00","229","147","82"
"2025-04-12","12:30:00","138","201","-63"
"2025-04-12","13:00:00","158","202","-44"
"2025-04-12","13:30:00","153","156","-3"
"2025-04-12","14:00:00","299","182","117"
"2025-04-12","14:30:00","253","276","-23"
"2025-04-12","15:00:00","321","203","118"
"2025-04-12","15:30:00","197","236","-39"
"2025-04-12","16:00:00","240","311","-71"
"2025-04-12","16:30:00","271","304","-33"
"2025-04-12","17:00:00","201","111","90"
"2025-04-12","18:00:00","0","29","-29"
"2025-04-12","19:00:00","29","0","29"
"2025-04-13","09:30:00","0","3","-3"
"2025-04-13","10:00:00","74","132","-58"
"2025-04-13","10:30:00","158","183","-25"
"2025-04-13","11:00:00","192","223","-31"
"2025-04-13","11:30:00","208","219","-11"
"2025-04-13","12:00:00","188","164","24"
"2025-04-13","12:30:00","144","167","-23"
"2025-04-13","13:00:00","150","185","-35"
"2025-04-13","13:30:00","135","173","-38"
"2025-04-13","14:00:00","208","191","17"
"2025-04-13","14:30:00","314","207","107"
"2025-04-13","15:00:00","223","185","38"
"2025-04-13","15:30:00","143","222","-79"
"2025-04-13","16:00:00","188","124","64"
"2025-04-13","16:30:00","243","145","98"
"2025-04-13","17:00:00","186","66","120"
"2025-04-13","18:00:00","0","1","-1"
"2025-04-14","19:00:00","16","0","16"
"2025-04-15","09:30:00","0","28","-28"
"2025-04-15","10:00:00","408","171","237"
"2025-04-15","10:30:00","493","204","289"
"2025-04-15","11:00:00","350","257","93"
"2025-04-15","11:30:00","331","228","103"
"2025-04-15","12:00:00","319","291","28"
"2025-04-15","12:30:00","206","302","-96"
"2025-04-15","13:00:00","248","175","73"
"2025-04-15","13:30:00","265","226","39"
"2025-04-15","14:00:00","459","282","177"
"2025-04-15","14:30:00","363","233","130"
"2025-04-15","15:00:00","553","330","223"
"2025-04-15","15:30:00","405","275","130"
"2025-04-15","16:00:00","445","270","175"
"2025-04-15","16:30:00","357","292","65"
"2025-04-15","17:00:00","354","238","116"
"2025-04-15","17:30:00","270","262","8"
"2025-04-15","18:00:00","312","273","39"
"2025-04-15","18:30:00","301","186","115"
"2025-04-15","19:00:00","378","108","270"
"2025-04-15","19:30:00","0","3","-3"
"2025-04-16","09:30:00","0","1","-1"
"2025-04-16","10:00:00","129","32","97"
"2025-04-16","10:30:00","45","51","-6"
"2025-04-16","11:00:00","301","27","274"
"2025-04-16","11:30:00","71","62","9"
"2025-04-16","12:00:00","68","47","21"
"2025-04-16","12:30:00","38","33","5"
"2025-04-16","13:00:00","32","59","-27"
"2025-04-16","13:30:00","45","40","5"
"2025-04-16","14:00:00","215","73","142"
"2025-04-16","14:30:00","48","44","4"
"2025-04-16","15:00:00","197","58","139"
"2025-04-16","15:30:00","36","53","-17"
"2025-04-16","16:00:00","51","62","-11"
"2025-04-16","16:30:00","44","63","-19"
"2025-04-16","17:00:00","108","39","69"
"2025-04-16","17:30:00","0","2","-2"
"2025-04-16","19:30:00","30","0","30"
"2025-04-17","09:30:00","0","4","-4"
"2025-04-17","10:00:00","101","29","72"
"2025-04-17","10:30:00","66","24","42"
"2025-04-17","11:00:00","86","67","19"
"2025-04-17","11:30:00","91","69","22"
"2025-04-17","12:00:00","89","85","4"
"2025-04-17","12:30:00","93","83","10"
"2025-04-17","13:00:00","59","82","-23"
"2025-04-17","13:30:00","53","80","-27"
"2025-04-17","14:00:00","138","100","38"
"2025-04-17","14:30:00","119","101","18"
"2025-04-17","15:00:00","223","93","130"
"2025-04-17","15:30:00","83","99","-16"
"2025-04-17","16:00:00","78","115","-37"
"2025-04-17","16:30:00","140","104","36"
"2025-04-17","17:00:00","93","93","0"
"2025-04-18","09:30:00","0","9","-9"
"2025-04-18","10:00:00","197","127","70"
"2025-04-18","10:30:00","220","108","112"
"2025-04-18","11:00:00","277","174","103"
"2025-04-18","11:30:00","212","189","23"
"2025-04-18","12:00:00","206","260","-54"
"2025-04-18","12:30:00","141","225","-84"
"2025-04-18","13:00:00","133","183","-50"
"2025-04-18","13:30:00","94","159","-65"
"2025-04-18","14:00:00","258","166","92"
"2025-04-18","14:30:00","239","196","43"
"2025-04-18","15:00:00","428","293","135"
"2025-04-18","15:30:00","218","282","-64"
"2025-04-18","16:00:00","187","304","-117"
"2025-04-18","16:30:00","280","193","87"
"2025-04-18","17:00:00","238","117","121"
"2025-04-18","17:30:00","151","291","-140"
"2025-04-18","18:00:00","939","452","487"
"2025-04-18","18:30:00","888","398","490"
"2025-04-18","19:00:00","843","467","376"
"2025-04-18","19:30:00","835","357","478"
"2025-04-18","20:00:00","754","243","511"
"2025-04-18","20:30:00","0","43","-43"
"2025-04-19","09:30:00","0","7","-7"
"2025-04-19","10:00:00","209","91","118"
"2025-04-19","10:30:00","236","142","94"
"2025-04-19","11:00:00","313","179","134"
"2025-04-19","11:30:00","296","244","52"
"2025-04-19","12:00:00","250","333","-83"
"2025-04-19","12:30:00","242","298","-56"
"2025-04-19","13:00:00","214","248","-34"
"2025-04-19","13:30:00","169","217","-48"
"2025-04-19","14:00:00","426","212","214"
"2025-04-19","14:30:00","213","192","21"
"2025-04-19","15:00:00","435","314","121"
"2025-04-19","15:30:00","264","381","-117"
"2025-04-19","16:00:00","303","374","-71"
"2025-04-19","16:30:00","355","237","118"
"2025-04-19","17:00:00","227","103","124"
"2025-04-19","17:30:00","0","3","-3"
"2025-04-19","19:00:00","4","0","4"
"2025-04-20","09:30:00","0","8","-8"
"2025-04-20","10:00:00","193","172","21"
"2025-04-20","10:30:00","230","213","17"
"2025-04-20","11:00:00","402","215","187"
"2025-04-20","11:30:00","252","232","20"
"2025-04-20","12:00:00","287","220","67"
"2025-04-20","12:30:00","190","265","-75"
"2025-04-20","13:00:00","217","200","17"
"2025-04-20","13:30:00","184","259","-75"
"2025-04-20","14:00:00","186","163","23"
"2025-04-20","14:30:00","280","291","-11"
"2025-04-20","15:00:00","229","219","10"
"2025-04-20","15:30:00","222","230","-8"
"2025-04-20","16:00:00","223","184","39"
"2025-04-20","16:30:00","145","183","-38"
"2025-04-20","17:00:00","190","71","119"
"2025-04-22","09:30:00","0","2","-2"
"2025-04-22","10:00:00","568","209","359"
"2025-04-22","10:30:00","472","238","234"
"2025-04-22","11:00:00","520","288","232"
"2025-04-22","11:30:00","328","277","51"
"2025-04-22","12:00:00","365","303","62"
"2025-04-22","12:30:00","217","211","6"
"2025-04-22","13:00:00","260","170","90"
"2025-04-22","13:30:00","198","238","-40"
"2025-04-22","14:00:00","444","242","202"
"2025-04-22","14:30:00","378","236","142"
"2025-04-22","15:00:00","500","341","159"
"2025-04-22","15:30:00","379","338","41"
"2025-04-22","16:00:00","414","286","128"
"2025-04-22","16:30:00","298","312","-14"
"2025-04-22","17:00:00","303","281","22"
"2025-04-22","17:30:00","237","209","28"
"2025-04-22","18:00:00","277","179","98"
"2025-04-22","18:30:00","246","240","6"
"2025-04-22","19:00:00","283","160","123"
"2025-04-22","19:30:00","15","3","12"
"2025-04-23","09:30:00","0","4","-4"
"2025-04-23","10:00:00","162","69","93"
"2025-04-23","10:30:00","71","35","36"
"2025-04-23","11:00:00","67","88","-21"
"2025-04-23","11:30:00","38","48","-10"
"2025-04-23","12:00:00","41","28","13"
"2025-04-23","12:30:00","22","23","-1"
"2025-04-23","13:00:00","15","21","-6"
"2025-04-23","13:30:00","26","17","9"
"2025-04-23","14:00:00","76","35","41"
"2025-04-23","14:30:00","30","51","-21"
"2025-04-23","15:00:00","118","78","40"
"2025-04-23","15:30:00","35","54","-19"
"2025-04-23","16:00:00","92","48","44"
"2025-04-23","16:30:00","39","54","-15"
"2025-04-23","17:00:00","58","48","10"
"2025-04-23","17:30:00","1","0","1"
"2025-04-23","19:30:00","58","0","58"
"2025-04-24","09:30:00","0","2","-2"
"2025-04-24","10:00:00","121","63","58"
"2025-04-24","10:30:00","179","26","153"
"2025-04-24","11:00:00","53","61","-8"
"2025-04-24","11:30:00","55","115","-60"
"2025-04-24","12:00:00","31","54","-23"
"2025-04-24","12:30:00","60","24","36"
"2025-04-24","13:00:00","41","48","-7"
"2025-04-24","13:30:00","41","34","7"
"2025-04-24","14:00:00","84","51","33"
"2025-04-24","14:30:00","47","39","8"
"2025-04-24","15:00:00","98","48","50"
"2025-04-24","15:30:00","49","58","-9"
"2025-04-24","16:00:00","60","73","-13"
"2025-04-24","16:30:00","48","83","-35"
"2025-04-24","17:00:00","66","37","29"
"2025-04-24","19:30:00","22","0","22"
"2025-04-25","10:00:00","177","28","149"
"2025-04-25","10:30:00","124","46","78"
"2025-04-25","11:00:00","218","119","99"
"2025-04-25","11:30:00","65","109","-44"
"2025-04-25","12:00:00","114","79","35"
"2025-04-25","12:30:00","59","80","-21"
"2025-04-25","13:00:00","45","95","-50"
"2025-04-25","13:30:00","86","74","12"
"2025-04-25","14:00:00","220","58","162"
"2025-04-25","14:30:00","45","73","-28"
"2025-04-25","15:00:00","278","136","142"
"2025-04-25","15:30:00","75","81","-6"
"2025-04-25","16:00:00","71","70","1"
"2025-04-25","16:30:00","36","107","-71"
"2025-04-25","17:00:00","75","170","-95"
"2025-04-25","17:30:00","8","217","-209"
"2025-04-25","18:00:00","942","228","714"
"2025-04-25","18:30:00","427","285","142"
"2025-04-25","19:00:00","582","342","240"
"2025-04-25","19:30:00","401","137","264"
"2025-04-25","20:00:00","359","85","274"
"2025-04-26","10:00:00","210","61","149"
"2025-04-26","10:30:00","71","72","-1"
"2025-04-26","11:00:00","203","171","32"
"2025-04-26","11:30:00","169","177","-8"
"2025-04-26","12:00:00","202","113","89"
"2025-04-26","12:30:00","105","130","-25"
"2025-04-26","13:00:00","124","147","-23"
"2025-04-26","13:30:00","108","113","-5"
"2025-04-26","14:00:00","215","129","86"
"2025-04-26","14:30:00","148","167","-19"
"2025-04-26","15:00:00","239","238","1"
"2025-04-26","15:30:00","85","172","-87"
"2025-04-26","16:00:00","256","215","41"
"2025-04-26","16:30:00","185","156","29"
"2025-04-26","17:00:00","153","98","55"
"2025-04-26","17:30:00","0","1","-1"
"2025-04-27","10:00:00","121","114","7"
"2025-04-27","10:30:00","100","143","-43"
"2025-04-27","11:00:00","165","145","20"
"2025-04-27","11:30:00","132","207","-75"
"2025-04-27","12:00:00","183","140","43"
"2025-04-27","12:30:00","137","151","-14"
"2025-04-27","13:00:00","154","98","56"
"2025-04-27","13:30:00","183","103","80"
"2025-04-27","14:00:00","167","111","56"
"2025-04-27","14:30:00","105","151","-46"
"2025-04-27","15:00:00","136","143","-7"
"2025-04-27","15:30:00","102","140","-38"
"2025-04-27","16:00:00","191","135","56"
"2025-04-27","16:30:00","193","199","-6"
"2025-04-27","17:00:00","188","91","97"
"2025-04-27","17:30:00","0","6","-6"
"2025-04-28","15:00:00","1","0","1"
"2025-04-29","09:30:00","0","51","-51"
"2025-04-29","10:00:00","401","198","203"
"2025-04-29","10:30:00","356","167","189"
"2025-04-29","11:00:00","393","182","211"
"2025-04-29","11:30:00","120","182","-62"
"2025-04-29","12:00:00","200","279","-79"
"2025-04-29","12:30:00","299","178","121"
"2025-04-29","13:00:00","170","177","-7"
"2025-04-29","13:30:00","262","148","114"
"2025-04-29","14:00:00","247","262","-15"
"2025-04-29","14:30:00","409","194","215"
"2025-04-29","15:00:00","396","268","128"
"2025-04-29","15:30:00","321","178","143"
"2025-04-29","16:00:00","427","225","202"
"2025-04-29","16:30:00","291","227","64"
"2025-04-29","17:00:00","350","236","114"
"2025-04-29","17:30:00","170","167","3"
"2025-04-29","18:00:00","356","190","166"
"2025-04-29","18:30:00","324","173","151"
"2025-04-29","19:00:00","318","72","246"
"2025-04-30","10:00:00","183","54","129"
"2025-04-30","10:30:00","59","103","-44"
"2025-04-30","11:00:00","316","28","288"
"2025-04-30","11:30:00","64","38","26"
"2025-04-30","12:00:00","37","15","22"
"2025-04-30","12:30:00","36","19","17"
"2025-04-30","13:00:00","23","76","-53"
"2025-04-30","13:30:00","28","45","-17"
"2025-04-30","14:00:00","33","45","-12"
"2025-04-30","14:30:00","64","53","11"
"2025-04-30","15:00:00","77","82","-5"
"2025-04-30","15:30:00","26","69","-43"
"2025-04-30","16:00:00","50","50","0"
"2025-04-30","16:30:00","32","62","-30"
"2025-04-30","17:00:00","90","35","55"
"2025-04-30","17:30:00","1","1","0"
"2025-05-01","09:30:00","0","5","-5"
"2025-05-01","10:00:00","120","49","71"
"2025-05-01","10:30:00","113","94","19"
"2025-05-01","11:00:00","196","149","47"
"2025-05-01","11:30:00","165","172","-7"
"2025-05-01","12:00:00","161","180","-19"
"2025-05-01","12:30:00","87","104","-17"
"2025-05-01","13:00:00","80","116","-36"
"2025-05-01","13:30:00","82","150","-68"
"2025-05-01","14:00:00","97","130","-33"
"2025-05-01","14:30:00","162","361","-199"
"2025-05-01","15:00:00","776","294","482"
"2025-05-01","15:30:00","195","279","-84"
"2025-05-01","16:00:00","236","217","19"
"2025-05-01","16:30:00","169","223","-54"
"2025-05-01","17:00:00","212","193","19"
"2025-05-01","17:30:00","1","16","-15"
"2025-05-01","19:30:00","2","1","1"
"2025-05-02","09:30:00","0","1","-1"
"2025-05-02","10:00:00","97","57","40"
"2025-05-02","10:30:00","138","94","44"
"2025-05-02","11:00:00","193","102","91"
"2025-05-02","11:30:00","167","162","5"
"2025-05-02","12:00:00","227","171","56"
"2025-05-02","12:30:00","121","194","-73"
"2025-05-02","13:00:00","163","128","35"
"2025-05-02","13:30:00","83","157","-74"
"2025-05-02","14:00:00","169","138","31"
"2025-05-02","14:30:00","213","172","41"
"2025-05-02","15:00:00","154","182","-28"
"2025-05-02","15:30:00","186","170","16"
"2025-05-02","16:00:00","226","249","-23"
"2025-05-02","16:30:00","219","216","3"
"2025-05-02","17:00:00","167","169","-2"
"2025-05-02","17:30:00","160","304","-144"
"2025-05-02","18:00:00","811","469","342"
"2025-05-02","18:30:00","847","500","347"
"2025-05-02","19:00:00","822","512","310"
"2025-05-02","19:30:00","941","417","524"
"2025-05-02","20:00:00","820","207","613"
"2025-05-02","20:30:00","0","2","-2"
"2025-05-03","09:30:00","0","23","-23"
"2025-05-03","10:00:00","172","111","61"
"2025-05-03","10:30:00","96","88","8"
"2025-05-03","11:00:00","230","153","77"
"2025-05-03","11:30:00","171","186","-15"
"2025-05-03","12:00:00","238","163","75"
"2025-05-03","12:30:00","105","117","-12"
"2025-05-03","13:00:00","107","119","-12"
"2025-05-03","13:30:00","98","165","-67"
"2025-05-03","14:00:00","132","171","-39"
"2025-05-03","14:30:00","301","176","125"
"2025-05-03","15:00:00","242","188","54"
"2025-05-03","15:30:00","155","183","-28"
"2025-05-03","16:00:00","217","159","58"
"2025-05-03","16:30:00","215","224","-9"
"2025-05-03","17:00:00","217","66","151"
"2025-05-03","17:30:00","0","5","-5"
"2025-05-04","09:30:00","0","9","-9"
"2025-05-04","10:00:00","115","99","16"
"2025-05-04","10:30:00","80","50","30"
"2025-05-04","11:00:00","156","109","47"
"2025-05-04","11:30:00","141","119","22"
"2025-05-04","12:00:00","135","160","-25"
"2025-05-04","12:30:00","99","123","-24"
"2025-05-04","13:00:00","178","106","72"
"2025-05-04","13:30:00","93","116","-23"
"2025-05-04","14:00:00","126","134","-8"
"2025-05-04","14:30:00","150","146","4"
"2025-05-04","15:00:00","145","151","-6"
"2025-05-04","15:30:00","123","113","10"
"2025-05-04","16:00:00","114","162","-48"
"2025-05-04","16:30:00","152","158","-6"
"2025-05-04","17:00:00","175","92","83"
"2025-05-06","09:30:00","0","34","-34"
"2025-05-06","10:00:00","419","305","114"
"2025-05-06","10:30:00","336","103","233"
"2025-05-06","11:00:00","331","233","98"
"2025-05-06","11:30:00","199","159","40"
"2025-05-06","12:00:00","177","133","44"
"2025-05-06","12:30:00","140","102","38"
"2025-05-06","13:00:00","318","153","165"
"2025-05-06","13:30:00","239","117","122"
"2025-05-06","14:00:00","302","223","79"
"2025-05-06","14:30:00","278","222","56"
"2025-05-06","15:00:00","336","295","41"
"2025-05-06","15:30:00","323","284","39"
"2025-05-06","16:00:00","318","228","90"
"2025-05-06","16:30:00","184","119","65"
"2025-05-06","17:00:00","149","184","-35"
"2025-05-06","17:30:00","308","213","95"
"2025-05-06","18:00:00","322","141","181"
"2025-05-06","18:30:00","254","132","122"
"2025-05-06","19:00:00","233","67","166"
"2025-05-07","10:00:00","61","85","-24"
"2025-05-07","10:30:00","134","24","110"
"2025-05-07","11:00:00","26","0","26"
"2025-05-07","11:30:00","7","0","7"
"2025-05-07","12:00:00","2","0","2"
"2025-05-07","13:00:00","6","0","6"
"2025-05-07","13:30:00","2","0","2"
"2025-05-07","14:00:00","102","0","102"
"2025-05-07","14:30:00","54","0","54"
"2025-05-07","15:00:00","84","0","84"
"2025-05-07","15:30:00","3","0","3"
"2025-05-07","16:00:00","14","0","14"
"2025-05-07","16:30:00","29","0","29"
"2025-05-07","17:00:00","3","0","3"
"2025-05-08","10:00:00","32","0","32"
"2025-05-08","10:30:00","101","0","101"
"2025-05-08","11:00:00","84","0","84"
"2025-05-08","12:00:00","1","0","1"
"2025-05-08","14:00:00","8","0","8"
"2025-05-08","14:30:00","2","0","2"
"2025-05-08","15:00:00","65","0","65"
"2025-05-08","15:30:00","2","0","2"
"2025-05-08","17:00:00","18","0","18"
"2025-05-09","10:00:00","120","0","120"
"2025-05-09","10:30:00","40","0","40"
"2025-05-09","11:00:00","36","0","36"
"2025-05-09","12:00:00","1","0","1"
"2025-05-09","13:00:00","4","0","4"
"2025-05-09","14:00:00","22","0","22"
"2025-05-09","14:30:00","2","0","2"
"2025-05-09","15:00:00","8","0","8"
"2025-05-09","15:30:00","3","0","3"
"2025-05-09","16:00:00","2","0","2"
"2025-05-09","16:30:00","2","0","2"
"2025-05-09","18:00:00","370","0","370"
"2025-05-09","18:30:00","159","0","159"
"2025-05-09","19:00:00","270","0","270"
"2025-05-09","19:30:00","133","0","133"
"2025-05-09","20:00:00","218","0","218"
"2025-05-10","10:00:00","17","0","17"
"2025-05-10","10:30:00","16","0","16"
"2025-05-10","11:00:00","11","0","11"
"2025-05-10","11:30:00","5","0","5"
"2025-05-10","12:00:00","12","0","12"
"2025-05-10","14:00:00","129","0","129"
"2025-05-10","14:30:00","3","0","3"
"2025-05-10","15:00:00","65","0","65"
"2025-05-10","15:30:00","9","0","9"
"2025-05-10","16:00:00","13","0","13"
"2025-05-10","16:30:00","2","0","2"
"2025-05-10","17:00:00","4","0","4"
"2025-05-11","10:00:00","26","0","26"
"2025-05-11","10:30:00","15","0","15"
"2025-05-11","11:00:00","11","0","11"
"2025-05-11","11:30:00","7","0","7"
"2025-05-11","12:00:00","3","0","3"
"2025-05-11","13:30:00","2","0","2"
"2025-05-11","14:00:00","2","0","2"
"2025-05-11","14:30:00","15","0","15"
"2025-05-11","15:00:00","2","0","2"
"2025-05-11","15:30:00","3","0","3"
"2025-05-11","16:00:00","3","0","3"
"2025-05-11","16:30:00","2","0","2"
"2025-05-13","10:00:00","87","0","87"
"2025-05-13","10:30:00","101","0","101"
"2025-05-13","11:00:00","171","0","171"
"2025-05-13","11:30:00","18","0","18"
"2025-05-13","12:00:00","6","0","6"
"2025-05-13","12:30:00","3","0","3"
"2025-05-13","13:00:00","24","0","24"
"2025-05-13","13:30:00","13","0","13"
"2025-05-13","14:00:00","96","0","96"
"2025-05-13","14:30:00","51","0","51"
"2025-05-13","15:00:00","22","0","22"
"2025-05-13","15:30:00","19","0","19"
"2025-05-13","16:00:00","20","0","20"
"2025-05-13","16:30:00","7","0","7"
"2025-05-13","17:00:00","13","0","13"
"2025-05-13","17:30:00","19","0","19"
"2025-05-13","18:00:00","79","0","79"
"2025-05-13","18:30:00","10","0","10"
"2025-05-13","19:00:00","34","0","34"
"2025-05-14","10:00:00","34","0","34"
"2025-05-14","10:30:00","81","0","81"
"2025-05-14","11:00:00","96","0","96"
"2025-05-14","14:00:00","87","0","87"
"2025-05-14","14:30:00","2","0","2"
"2025-05-15","10:00:00","30","0","30"
"2025-05-15","13:00:00","1","0","1"
"2025-05-15","14:00:00","30","0","30"
"2025-05-15","19:30:00","4","0","4"
"2025-05-15","20:30:00","138","0","138"
"2025-05-15","21:00:00","94","0","94"
"2025-05-16","10:00:00","99","0","99"
"2025-05-16","10:30:00","13","0","13"
"2025-05-16","11:00:00","3","0","3"
"2025-05-16","14:00:00","43","0","43"
"2025-05-16","14:30:00","2","0","2"
"2025-05-16","15:00:00","3","0","3"
"2025-05-16","16:00:00","4","0","4"
"2025-05-16","17:30:00","3","0","3"
"2025-05-16","18:00:00","125","0","125"
"2025-05-16","18:30:00","111","0","111"
"2025-05-16","19:00:00","66","0","66"
"2025-05-16","19:30:00","30","0","30"
"2025-05-16","20:00:00","43","0","43"
"2025-05-17","10:00:00","115","0","115"
"2025-05-17","10:30:00","9","0","9"
"2025-05-17","11:00:00","119","0","119"
"2025-05-17","12:00:00","4","0","4"
"2025-05-17","13:00:00","9","0","9"
"2025-05-17","13:30:00","4","0","4"
"2025-05-17","14:00:00","85","0","85"
"2025-05-17","14:30:00","4","0","4"
"2025-05-17","15:00:00","111","0","111"
"2025-05-17","15:30:00","2","0","2"
"2025-05-17","16:00:00","4","0","4"
"2025-05-17","16:30:00","2","0","2"
"2025-05-17","17:00:00","1","0","1"
"2025-05-18","10:00:00","44","0","44"
"2025-05-18","10:30:00","8","0","8"
"2025-05-18","11:00:00","14","0","14"
"2025-05-18","11:30:00","2","0","2"
"2025-05-18","13:00:00","2","0","2"
"2025-05-18","14:00:00","4","0","4"
"2025-05-18","14:30:00","6","0","6"
"2025-05-18","15:00:00","4","0","4"
"2025-05-18","15:30:00","8","0","8"
"2025-05-18","17:00:00","2","0","2"
"2025-05-20","10:00:00","170","0","170"
"2025-05-20","10:30:00","9","0","9"
"2025-05-20","11:00:00","39","0","39"
"2025-05-20","11:30:00","2","0","2"
"2025-05-20","12:00:00","5","0","5"
"2025-05-20","12:30:00","2","0","2"
"2025-05-20","13:00:00","7","0","7"
"2025-05-20","13:30:00","85","0","85"
"2025-05-20","14:00:00","45","0","45"
"2025-05-20","14:30:00","15","0","15"
"2025-05-20","15:00:00","19","0","19"
"2025-05-20","15:30:00","3","0","3"
"2025-05-20","16:00:00","52","0","52"
"2025-05-20","16:30:00","11","0","11"
"2025-05-20","17:00:00","4","0","4"
"2025-05-20","17:30:00","12","0","12"
"2025-05-20","18:00:00","3","0","3"
"2025-05-20","18:30:00","7","0","7"
"2025-05-20","19:00:00","11","0","11"
"2025-05-21","10:00:00","3","0","3"
"2025-05-21","10:30:00","122","0","122"
"2025-05-21","13:30:00","2","0","2"
"2025-05-21","14:00:00","110","0","110"
"2025-05-21","15:00:00","50","0","50"
"2025-05-21","15:30:00","20","0","20"
"2025-05-21","19:30:00","5","0","5"
"2025-05-22","10:00:00","76","0","76"
"2025-05-22","11:00:00","2","0","2"
"2025-05-22","14:00:00","32","0","32"
"2025-05-22","17:00:00","2","0","2"
"2025-05-22","19:30:00","10","0","10"
"2025-05-23","10:00:00","38","0","38"
"2025-05-23","14:00:00","102","0","102"
"2025-05-23","16:00:00","1","0","1"
"2025-05-23","16:30:00","1","0","1"
"2025-05-23","17:30:00","1","0","1"
"2025-05-23","18:00:00","74","0","74"
"2025-05-23","18:30:00","34","0","34"
"2025-05-23","19:00:00","15","0","15"
"2025-05-23","19:30:00","15","0","15"
"2025-05-23","20:00:00","13","0","13"
"2025-05-24","10:00:00","85","0","85"
"2025-05-24","11:00:00","4","0","4"
"2025-05-24","11:30:00","4","0","4"
"2025-05-24","12:00:00","3","0","3"
"2025-05-24","13:30:00","2","0","2"
"2025-05-24","14:00:00","52","0","52"
"2025-05-24","15:00:00","2","0","2"
"2025-05-24","16:00:00","2","0","2"
"2025-05-25","10:00:00","33","0","33"
"2025-05-25","10:30:00","12","0","12"
"2025-05-25","11:00:00","2","0","2"
"2025-05-25","11:30:00","2","0","2"
"2025-05-25","12:00:00","3","0","3"
"2025-05-25","14:00:00","6","0","6"
"2025-05-25","14:30:00","2","0","2"
"2025-05-25","15:00:00","13","0","13"
"2025-05-25","15:30:00","4","0","4"
"2025-05-25","16:00:00","8","0","8"
"2025-05-27","10:00:00","173","0","173"
"2025-05-27","10:30:00","43","0","43"
"2025-05-27","11:00:00","43","0","43"
"2025-05-27","12:00:00","5","0","5"
"2025-05-27","13:00:00","4","0","4"
"2025-05-27","14:00:00","2","0","2"
"2025-05-27","14:30:00","13","0","13"
"2025-05-27","15:00:00","6","0","6"
"2025-05-27","16:00:00","4","0","4"
"2025-05-27","16:30:00","3","0","3"
"2025-05-27","17:00:00","2","0","2"
"2025-05-27","17:30:00","11","0","11"
"2025-05-27","18:00:00","3","0","3"
"2025-05-27","18:30:00","2","0","2"
"2025-05-27","19:00:00","9","0","9"
"2025-05-28","10:00:00","50","0","50"
"2025-05-28","14:00:00","100","0","100"
"2025-05-28","15:00:00","46","0","46"
"2025-05-28","17:00:00","4","0","4"
"2025-05-29","10:00:00","110","0","110"
"2025-05-29","11:00:00","61","0","61"
"2025-05-29","15:00:00","50","0","50"
"2025-05-30","10:00:00","110","0","110"
"2025-05-30","10:30:00","60","0","60"
"2025-05-30","11:00:00","72","0","72"
"2025-05-30","14:00:00","30","0","30"
"2025-05-30","18:00:00","29","0","29"
"2025-05-30","18:30:00","9","0","9"
"2025-05-30","19:00:00","22","0","22"
"2025-05-30","19:30:00","7","0","7"
"2025-05-30","20:00:00","14","0","14"
"2025-05-31","10:00:00","12","0","12"
"2025-05-31","10:30:00","9","0","9"
"2025-05-31","11:00:00","4","0","4"
"2025-05-31","11:30:00","3","0","3"
"2025-05-31","13:00:00","2","0","2"
"2025-05-31","14:00:00","24","0","24"
"2025-05-31","14:30:00","2","0","2"
"2025-05-31","15:00:00","64","0","64"
"2025-05-31","15:30:00","2","0","2"
"2025-05-31","16:30:00","1","0","1"
"2025-05-31","17:00:00","2","0","2"
"2025-06-01","10:00:00","6","0","6"
"2025-06-01","12:00:00","33","0","33"
"2025-06-01","12:30:00","27","0","27"
"2025-06-01","13:00:00","25","0","25"
"2025-06-01","13:30:00","36","0","36"
"2025-06-01","14:00:00","9","0","9"
"2025-06-01","14:30:00","3","0","3"
"2025-06-01","15:00:00","15","0","15"
"2025-06-03","10:00:00","8","0","8"
"2025-06-03","11:00:00","2","0","2"
"2025-06-03","11:30:00","4","0","4"
"2025-06-03","16:00:00","2","0","2"
"2025-06-03","17:30:00","4","0","4"
"2025-06-03","18:00:00","9","0","9"
"2025-06-03","19:00:00","1","0","1"
"2025-06-04","10:30:00","658","0","658"
"2025-06-04","14:30:00","60","0","60"
"2025-06-05","10:00:00","85","0","85"
"2025-06-05","14:00:00","1","0","1"
"2025-06-05","15:30:00","1","0","1"
"2025-06-05","19:00:00","12","0","12"
"2025-06-06","10:00:00","90","0","90"
"2025-06-06","10:30:00","60","0","60"
"2025-06-06","14:30:00","36","0","36"
"2025-06-06","18:00:00","26","0","26"
"2025-06-06","18:30:00","2","0","2"
"2025-06-06","19:00:00","9","0","9"
"2025-06-06","20:00:00","6","0","6"
"2025-06-07","10:00:00","2","0","2"
"2025-06-07","11:00:00","2","0","2"
"2025-06-07","14:00:00","4","0","4"
"2025-06-08","10:30:00","4","0","4"
"2025-06-08","11:00:00","2","0","2"
"2025-06-08","11:30:00","2","0","2"
"2025-06-08","15:30:00","2","0","2"
"2025-06-10","10:00:00","8","0","8"
"2025-06-10","10:30:00","50","0","50"
"2025-06-10","13:00:00","4","0","4"
"2025-06-10","14:30:00","2","0","2"
"2025-06-10","15:00:00","4","0","4"
"2025-06-10","17:30:00","3","0","3"
"2025-06-11","10:00:00","81","0","81"
"2025-06-11","10:30:00","57","0","57"
"2025-06-11","14:00:00","80","0","80"
"2025-06-11","14:30:00","24","0","24"
"2025-06-12","10:00:00","30","0","30"
"2025-06-12","10:30:00","62","0","62"
"2025-06-12","14:30:00","21","0","21"
"2025-06-12","15:00:00","50","0","50"
"2025-06-13","10:00:00","9","0","9"
"2025-06-13","10:30:00","6","0","6"
"2025-06-13","12:00:00","2","0","2"
"2025-06-13","18:00:00","12","0","12"
"2025-06-13","18:30:00","11","0","11"
"2025-06-13","19:00:00","18","0","18"
"2025-06-13","20:00:00","2","0","2"
"2025-06-14","10:00:00","101","0","101"
"2025-06-14","10:30:00","3","0","3"
"2025-06-14","11:30:00","8","0","8"
"2025-06-14","13:30:00","2","0","2"
"2025-06-14","14:00:00","40","0","40"
"2025-06-14","15:00:00","4","0","4"
"2025-06-14","15:30:00","2","0","2"
"2025-06-15","10:00:00","1","0","1"
"2025-06-15","11:30:00","2","0","2"
"2025-06-15","13:00:00","1","0","1"
"2025-06-17","10:00:00","2","0","2"
"2025-06-17","11:00:00","2","0","2"
"2025-06-17","14:00:00","1","0","1"
"2025-06-17","17:30:00","11","0","11"
"2025-06-18","10:00:00","101","0","101"
"2025-06-18","10:30:00","42","0","42"
"2025-06-18","11:00:00","35","0","35"
"2025-06-19","12:00:00","1","0","1"
"2025-06-20","10:00:00","58","0","58"
"2025-06-20","10:30:00","2","0","2"
"2025-06-20","11:30:00","2","0","2"
"2025-06-20","14:00:00","4","0","4"
"2025-06-20","14:30:00","1","0","1"
"2025-06-20","15:30:00","22","0","22"
"2025-06-20","16:00:00","3","0","3"
"2025-06-20","18:00:00","14","0","14"
"2025-06-20","19:00:00","3","0","3"
"2025-06-20","20:00:00","5","0","5"
"2025-06-21","10:00:00","35","0","35"
"2025-06-28","10:00:00","32","0","32"
NULL,NULL,"0","180093","-180093"
